-- --------------------------------------------------------
-- Host:                         127.0.0.1
-- Server version:               5.5.45 - MySQL Community Server (GPL)
-- Server OS:                    Win32
-- HeidiSQL Version:             9.3.0.4984
-- --------------------------------------------------------

/*!40101 SET @OLD_CHARACTER_SET_CLIENT=@@CHARACTER_SET_CLIENT */;
/*!40101 SET NAMES utf8mb4 */;
/*!40014 SET @OLD_FOREIGN_KEY_CHECKS=@@FOREIGN_KEY_CHECKS, FOREIGN_KEY_CHECKS=0 */;
/*!40101 SET @OLD_SQL_MODE=@@SQL_MODE, SQL_MODE='NO_AUTO_VALUE_ON_ZERO' */;

-- Dumping database structure for laravel5_cart
CREATE DATABASE IF NOT EXISTS `laravel5_cart` /*!40100 DEFAULT CHARACTER SET utf8 */;
USE `laravel5_cart`;


-- Dumping structure for table laravel5_cart.brands
CREATE TABLE IF NOT EXISTS `brands` (
  `id` int(11) NOT NULL AUTO_INCREMENT,
  `brand` varchar(255) COLLATE utf8_unicode_ci NOT NULL,
  PRIMARY KEY (`id`)
) ENGINE=InnoDB AUTO_INCREMENT=11 DEFAULT CHARSET=utf8 COLLATE=utf8_unicode_ci;

-- Dumping data for table laravel5_cart.brands: ~9 rows (approximately)
/*!40000 ALTER TABLE `brands` DISABLE KEYS */;
INSERT INTO `brands` (`id`, `brand`) VALUES
	(1, 'HTC'),
	(2, 'Lenovo'),
	(3, 'Asus'),
	(4, 'Acer'),
	(5, 'Fly'),
	(6, 'Nokia'),
	(7, 'Sony'),
	(9, 'Apple'),
	(10, 'Samsung');
/*!40000 ALTER TABLE `brands` ENABLE KEYS */;


-- Dumping structure for table laravel5_cart.catalog
CREATE TABLE IF NOT EXISTS `catalog` (
  `id` int(11) NOT NULL AUTO_INCREMENT,
  `category_id` int(11) NOT NULL,
  `brand_id` int(11) NOT NULL,
  `model` varchar(255) COLLATE utf8_unicode_ci NOT NULL,
  `characteristics` text COLLATE utf8_unicode_ci NOT NULL,
  `description` text COLLATE utf8_unicode_ci NOT NULL,
  `photo` text COLLATE utf8_unicode_ci NOT NULL,
  `price` float NOT NULL,
  `instock` int(11) NOT NULL,
  PRIMARY KEY (`id`)
) ENGINE=InnoDB AUTO_INCREMENT=51 DEFAULT CHARSET=utf8 COLLATE=utf8_unicode_ci;

-- Dumping data for table laravel5_cart.catalog: ~40 rows (approximately)
/*!40000 ALTER TABLE `catalog` DISABLE KEYS */;
INSERT INTO `catalog` (`id`, `category_id`, `brand_id`, `model`, `characteristics`, `description`, `photo`, `price`, `instock`) VALUES
	(4, 1, 6, 'Lumia 930', '    System: Windows Phone 8.1\r\n    Processor: 2.2 GHz / Quad Core / Qualcomm Snapdragon™ 800\r\n    Memory: Internal: 32 GB / RAM: 2 GB\r\n    Display: 5.0&#34; / ClearBlack, OLED / Resolution: 1920 x 1080 pixels / 441 ppi\r\n    Camera: 20 Mpixels / Flash: Dual LED / Front: 1.2 Mpixels / Video: 1080p full HD / 6-lens optics, Backside-illuminated image sensor, High resolution zoom 2x, Optical image stabilization, PureView\r\n    Network: 4G: LTE / 3G: 850/900/1900/2100 MHz / GSM: 850/900/1800/1900 MHz\r\n    nanoSIM\r\n    Wireless: Bluetooth: 4.0 / NFC, Qi Wireless charging / Wifi: IEEE 802.11 a/ac/b/g/n\r\n    Connection: Jack 3.5 mm / micro USB\r\n    GPS: AGPS & GLONASS\r\n    Sensors: Accelerometer, Ambient Light Sensor, Gyroscope, Magnetometer, Proximity sensor\r\n    Battery: 2430 mAh\r\n    Weight: 167 grams\r\n    Dimensions: 137 x 71 x 9.8 mm 				', 'ONE WINDOWS EXPERIENCE\r\nThe Nokie Lumia 930 comes with the latest Windows Phone experience, so the things that matter most are always with you whether you&#39;re on your smartphone, Xbox or PC. Exclusive LiveTiles keep you up to speed with what&#39;s happening in your world, while new features like customisable background images for your home screen make Windows Phone 8.1 more personal than ever.\r\n\r\nA FORMIDABLE CAMERA, OR COURSE\r\nWith a 20MP PureView Camera and four directional microphones with Surround-Sound, you can capture High-quality photos and immersive video with sound that&#39;s more true-to-life than ever before. Use the Nokia Camera app to take full creative control of your photos, then unleash your creations upon the world through Nokia Storyteller, Instagram and your favorite social networks.				', 'nokia-lumia-930.jpg', 399.99, 30),
	(6, 1, 6, 'Lumia 1320', '    System: Windows Phone 8.1\r\n    Processor: 1.7 GHz / Dual Core / Qualcomm Snapdragon™ S4\r\n    Memory: Internal: 8 GB / RAM: 1 GB / Slot type: microSD / Max. slot capacity: 64 GB\r\n    Display: 6.0&#34; / IPS LCD / Resolution: 1280 x 720 pixels / 245 ppi\r\n    Camera: 5 Mpixels / Flash: LED / Front: VGA / Video: 1080p / Auto focus with two-stage capture key\r\n    Network: 4G: LTE / 3G: 850/900/1800/1900 MHz / GSM: 850/900/1800/1900 MHz\r\n    microSIM\r\n    Wireless: Bluetooth: 4.0 / Wifi: IEEE 802.11 b/g/n\r\n    Connection: Jack 3.5 mm / micro USB\r\n    GPS: aGPS\r\n    Sensors: Accelerometer, Ambient Light Sensor, Compass, Proximity sensor\r\n    Battery: 3400 mAh\r\n    Battery life: Standby time: > 28 days / Talk time: > 21h\r\n    Weight: 220 grams\r\n    Dimensions: 164.2 x 85.9 x 9.8 mm\r\n    In the box: AC Adapter, USB cable, Headset, Quick start guide				', 'Make An Impact\r\nWith a 6&#34; display and bright, colourful design that really stands out from the crowd, the Nokia Lumia 1320 makes a statement in any situation.\r\n\r\nGo Big\r\nMore screen space means more room for the things you love. Enjoy a wider perspective in your favourite games, videos or apps like HERE LiveSight. It all looks beautiful on the big 6&#34; screen.\r\n\r\nAdd Magic to Your Photos\r\nDownload Nokia Camera to capture great photos and then use the Smart mode to create a sequence of motion, add motion blur effects and more. Or create some magic with innovative photo editing tools like Creative Studio and Cinemagraph. 				', 'nokia-lumia-1320.jpg', 221.99, 31),
	(7, 1, 6, 'Lumia 830', '    System: Windows Phone 8.1\r\n    Processor: 1.2 GHz / Quad Core / Qualcomm Snapdragon 400 / GPU: Adreno 305\r\n    Memory: Internal: 16 GB / RAM: 1 GB / Slot type: microSD / Max. slot capacity: 128 GB\r\n    Display: 5.0&#34; / ClearBlack, IPS LCD / Resolution: 1280 x 720 pixels / 294 ppi\r\n    Camera: 10 Mpixels / Flash: LED / Front: 0.9Mpixel / Video: 1080p\r\n    Network: 4G: LTE / 3G: 850/900/1900/2100 MHz / GSM: 850/900/1800/1900 MHz\r\n    nanoSIM\r\n    Wireless: Bluetooth: 4.0 / NFC / Wifi: IEEE 802.11 a/b/g/n\r\n    Connection: Jack 3.5 mm / micro USB\r\n    GPS: AGPS & GLONASS\r\n    Sensors: Accelerometer, Ambient Light Sensor, Gyroscope, Magnetometer, Proximity sensor\r\n    Battery: 2220 mAh\r\n    Weight: 150 grams\r\n    Dimensions: 139.4 x 70.7 x 8.5 mm				', 'In sync with your lifestyle\r\nThe Lumia 830 is built for life on the move. Take amazing pictures with the PureView camera, sync your digital life with OneDrive and share special moments on your favourite social network – it’s the perfect phone for people that enjoy being connected.\r\n\r\nCapture the feeling\r\nThe Lumia 830 has a 10 MP PureView camera with OIS and Zeiss optics – at home or at a concert, it takes great pictures. And with 3 mic Rich Recording, it’s easier than ever to shoot high quality videos with excellent sound. Document life as it happens.\r\n\r\nYour life is connected\r\nSync the Lumia 830 with OneDrive and everything is at your fingertips – photos, videos and documents are in sync and on your phone. From last night’s pictures to an important Microsoft Office document, the Nokia Lumia 830 keeps you connected to what matters.\r\n				', 'nokia-lumia-830-smartphone.jpg', 299.99, 23),
	(8, 1, 6, 'Lumia 535DS', '    System: Windows Phone 8.1\r\n    Processor: 1.2 GHz / Quad Core / Qualcomm Snapdragon™ 200\r\n    Memory: Internal: 8 GB / RAM: 1 GB\r\n    Display: 5.0&#34; / IPS LCD / Resolution: qHD 960 x 540 pixels / 220 ppi\r\n    Camera: 5 Mpixels / Flash: LED / Video: FWVGA 848 x 480 / Front: 5 Mpixels\r\n    Network: SIM 1 - 3G: 900/2100 MHz / GSM: 850/900/1800/1900 MHz / SIM 2 - GSM: 850/900/1800/1900 MHz\r\n    SIM type: Micro SIM\r\n    Wireless: Bluetooth: 4.0 / Wi-Fi: IEEE 802.11 b/g/n\r\n    Connection: Jack 3.5 mm / micro USB\r\n    GPS: AGPS & GLONASS\r\n    Sensors: Accelerometer, Ambient Light Sensor, Proximity sensor\r\n    Battery: 1905 mAh\r\n    Battery life: Standby time: > 23 days / Talk time: > 11 h\r\n    Weight: 146 g\r\n    Dimensions: 140.2 x 72.45 x 8.80 mm				', 'Always the latest Windows Phone experience The Lumia 535 comes with the latest version of Windows Phone. And with regular over-the-air updates, you’ll always have the newest software. In class or at work? With Microsoft Office built in, and quick access to your files through OneDrive, viewing and editing your documents is easy. And you get 15 GB of free OneDrive storage – upload your photos and share them with friends in a private folder. A bigger selfie experience Let your surroundings do the talking. Take stunning selfies and fit more friends into the picture with the wide-angle, 5 MP front-facing camera. And coming with the popular Lumia Selfie app installed for easy access to the front-facing camera, enhance your selfies with filters and easily share with friends from the app to OneDrive, Instagram, Twitter and more. Video calling with Skype Skype calls look fantastic on the Lumia 535. Want to turn a regular phone call into a high-quality video call? No problem. Just tap the Skype video call button.				', 'microsoft-lumia-535ds-smartphone.jpg', 129.99, 25),
	(9, 1, 6, 'Lumia 1520', '    System: Windows Phone 8\r\n    Processor: 2.2 GHz / Quad Core / Qualcomm Snapdragon 800\r\n    Memory: Internal: 32 GB / RAM: 2 GB / Slot type: microSD / Max. slot capacity: 64 GB\r\n    Display: 6.0&#34; / LCD / Resolution: 1920 x 1080 pixels / 368 ppi\r\n    Camera: 20 Mpixels / PureView, Auto Focus ZEISS optics with Optical Image Stabilization / Flash: Dual LED / Video: 1080p full HD / Front: 1.2 Mpixels\r\n    Network: LTE: 800/900/1800/2100/2600 | 3G: 850/900/1900/2100 MHz | GSM: 850/900/1800/1900 MHz\r\n    SIM Type: micro-SIM\r\n    Wireless: Bluetooth: 4.0 / WiFi: IEEE 802.11 a/ac/b/g/n / NFC\r\n    Connection: Jack 3.5 mm / micro USB\r\n    GPS: AGPS & GLONASS\r\n    Sensors: Accelerometer, Ambient Light Sensor, Gyroscope, Magnetometer, Proximity sensor\r\n    built-in wireless charging (Qi compatible)\r\n    Battery: 3400 mAh\r\n    Battery life: Talk time: > 13 h\r\n    Weight: 209 g\r\n    Dimensions: 162.8 x 85.4 x 8.7 mm				', 'Get more done, faster\r\nCreate. Work. Play. The large display makes it easier to do all three. The Nokia Lumia 1520 lets you:\r\n\r\n    View more of everything on the 6” HD 1080p display.\r\n    Capture amazing photos with the 20MP camera even\r\n    in low-light conditions.\r\n    View and edit Microsoft Office documents while on\r\n    the go.\r\n    Keep browsing even longer with a 3400 mAh battery.\r\n    Entertain yourself with Hulu Plus, Mobile TV, Xbox Games, Zinio, and more.\r\n    Download your favorite apps from the Windows Store\r\n\r\nLook sharp\r\nThe Nokia Lumia 1520 offers a large 6” HD 1080p display and crisp picture with Super Sensitive touch capabilities that let you type using your fingernails or while wearing gloves. Plus, Nokia Glance Screen shows time and phone settings even when the phone is locked and asleep. 				', 'Nokia Lumia 1520.jpg', 459.99, 19),
	(10, 1, 6, 'Lumia 735', '    System: Windows Phone 8.1\n    Processor: 1.2 GHz / Quad Core / Qualcomm Snapdragon\n    Memory: Internal: 8 GB / RAM: 1 GB / Slot type: microSD / Max. slot capacity: 128 GB\n    Display: 4.7&#34; / ClearBlack, OLED / Resolution: 1280 x 720 pixels / 312 ppi\n    Camera: 6.7 Mpixels / Flash: LED / Front: 5 Mpixels / Video: 1080p / ZEISS optics\n    Network: 4G: LTE / 3G: 850/900/1900/2100 MHz / GSM: 850/900/1800/1900 MHz\n    Wireless: Bluetooth: 4.0 / NFC / Wifi: IEEE 802.11 b/g/n\n    Connection: Jack 3.5 mm / micro USB\n    GPS: AGPS & GLONASS\n    HERE Maps, HERE Transit\n    Battery: 2220 mAh\n    Battery life: Standby time: > 25 days / Talk time: > 17h\n    Weight: 130.4 g\n    Dimensions: 134.7 x 68.5 x 8.9 mm				', 'Share your life. Uncropped.\r\nIntroducing the smartphone built for selfies and Skype. Fit more in your shots than ever before with the wide angle, 5 MP, front-facing camera on the Lumia 735. It&#39;s never been easier to capture more of what’s going on behind you – more friends in your group selfies and more family in your free video Skype calls.\r\n\r\nLatest and greatest Windows Phone experience\r\nGet more personal than ever on the Lumia 735 with Windows Phone 8.1. Exclusive to Windows Phone, Live Tiles keep you in the know of what&#39;s important in your world. Use the Action Center to see all of your notifications in a single place. And personalize your home screen&#39;s background image and watch your customizable Live Tiles come to life in a whole new way. 				', 'nokia-lumia-735-windows-smartphone-rm-1039.jpg', 289.99, 24),
	(12, 1, 6, 'Lumia 520', 'System: Windows Phone 8.1\r\nProcessor: 1 GHz / Dual Core / Snapdragon™ S4\r\nMemory: Internal: 8 GB / RAM: 512 MB / Slot type: microSD / Max. slot capacity: 64 GB\r\nDisplay: 4.0&#34; / IPS / Resolution: 800 x 480 pixels / 235 ppi\r\nCamera: 5 Mpixels / Video: 720p / Auto focus, aperture f/2.4, 28 mm focal length\r\nNetwork: 3G: 900/2100 MHz / GSM: 850/900/1800/1900 MHz\r\nmicroSIM\r\nWireless: Bluetooth: 3.0 / Wifi: IEEE 802.11 b/g/n\r\nConnection: Jack 3.5 mm / micro USB\r\nGPS: aGPS\r\nSensors: Accelerometer				', 'As an entry level Windows Phone 8 device, the Nokia Lumia 520 delivers the quality of WP8 operating system and the design of its high end Lumia siblings in a budget friendly package.\r\n\r\nSporting a 1 GHz dual-core Snapdragon CPU and a 4-inch WVGA IPS LCD display with 2D hardened glass for extra protection and super sensitive touch for glove use, the Lumia 800 is the perfect smartphone for first time buyers who are looking for a fun, bright phone that combines Nokia’s popular services such as Here Maps and Nokia Music with Windows Phone’s intuitive operating system. The 5MP rear camera features the same digital lenses such as Cinemagraph and Panorama found on Nokia’s flagship smartphone, the Nokia Lumia 920. The camera is further capable of 720p HD video shooting with up 30fps.\r\n\r\nThe Lumia 520 also includes 8GB of onboard storage and 512 MB of RAM as well as a microSD slot that allows up to 64GB of extended storage. 				', 'nokia-lumia-520.jpg', 89.99, 10),
	(13, 1, 6, 'Lumia 530', '    System: Windows Phone 8.1\r\n    Processor: 1.2 GHz / Quad Core / Qualcomm Snapdragon 200\r\n    Memory: Internal: 4 GB / RAM: 512 MB / Slot type: microSD / Max. slot capacity: 128 GB\r\n    Display: 4.0&#34; / LCD / Resolution: 854 x 480 pixels / 246 ppi\r\n    Camera: 5 Mpixels\r\n    Network: 3G: 900/2100 MHz / GSM: 850/900/1800/1900 MHz\r\n    Wireless: Bluetooth: 4.0 / Wifi: IEEE 802.11 b/g/n\r\n    Connection: Jack 3.5 mm / micro USB\r\n    GPS: AGPS & GLONASS\r\n    Sensors: Accelerometer\r\n    Battery: 1430 mAh\r\n    Battery life: Standby time: > 22 days / Talk time: > 10h\r\n    Weight: 129 g\r\n    Dimensions: 119.7 x 62.3 x 11.7 mm				', 'Right out of the box the Lumia 530 delivers the most personal smartphone experience, thanks to Windows Phone 8.1.\r\n\r\nGreat features, such as Action Center, Word Flow and personalised Start screen backgrounds are now available to everybody – no matter your budget.\r\n\r\nAt the heart, the Lumia 530 is powered by a 1.2GHz quad-core Qualcomm Snapdragon processor that delivers a super fast and lag-free user experience of your favourite apps, gaming and internet browsing on the 4-inch LCD display.				', 'nokia-lumia-530.jpg', 89.99, 14),
	(14, 1, 6, 'Lumia 925', '    System: Windows Phone 8.1\r\n    Processor: 1.5 GHz / Dual Core / Qualcomm Snapdragon\r\n    Memory: Internal: 16 GB / RAM: 1 GB\r\n    Display: 4.5&#34; / IPS PureMotion HD+ display / Resolution: 1280 x 768 pixels / 334 ppi\r\n    Camera: 8.7 Mpixels / Flash: Dual LED / Front: 1.2 Mpixels / Video: 1080p full HD / PureView, Optical Image Stabilization (OIS), Autofocus\r\n    Network: 4G: LTE 800/900/1800/2100/2600 MHz / 3G: 850/900/1900/2100 MHz / GSM: 850/900/1800/1900 MHz\r\n    microSIM\r\n    Wireless: Bluetooth: 3.0 / NFC / Wifi: IEEE 802.11 a/b/g/n\r\n    Connection: Jack 3.5 mm / micro USB\r\n    GPS: AGPS & GLONASS\r\n    Sensors: Accelerometer, Ambient Light Sensor, Gyroscope, Magnetometer, Proximity sensor\r\n    Battery: 2140 mAh\r\n    Battery life: Standby time: > 440 h / Talk time: > 12.8 h\r\n    Weight: 139 grams\r\n    Dimensions: 129 x 70.6 x 8.5 mm				', 'The Nokia Lumia 925 features a stunning metal design, the latest PureView camera lens innovations, and impressive third party applications, all completed with an unparallel Windows Phone 8 mobile experience.\r\n\r\nNokia Lumia&#39;s 925 beautiful aluminum frame design gives the device an aura of elegance and robustness, but it has also caused its weight to drop dramatically from its predecessor, the Lumia 920. Now measuring in at only 8.8 mm thick and weighing in at only 139 g but still incorporating the same powerful 2000 mAh battery, the Lumia 925 brings a whole new meaning to redesign and portability.				', 'nokia-lumia-925-grey-16gb.jpg', 299.99, 21),
	(16, 1, 1, 'Desire 816', '    System: Android 4.4 KitKat®\r\n    Processor: 1.6 GHz / Quad Core / Qualcomm® Snapdragon™ 400 Cortex-A7 / GPU: Adreno 305\r\n    Memory: Internal: 8 GB / RAM: 1.5 GB / Slot type: microSD / Max. slot capacity: 128 GB\r\n    Display: 5.5&#34; / S-LCD / Resolution: 1280 x 720 pixels / 267 ppi\r\n    Camera: 13 Mpixels / Flash: LED / Front: 5 Mpixels / Video: 1080p full HD\r\n    Network: 4G: LTE / 3G: 850/900/1800/1900 MHz / GSM: 850/900/1800/1900 MHz\r\n    nanoSIM\r\n    Wireless: Bluetooth: 4.0+A2DP / Wifi: IEEE 802.11 b/g/n\r\n    Connection: Jack 3.5 mm / micro USB\r\n    GPS: AGPS & GLONASS\r\n    Sensors: Accelerometer, Digital Compass, Proximity sensor\r\n    Battery: 2630 mAh\r\n    Weight: 165 grams\r\n    Dimensions: 156.6 x 78.7 x 7.99 mm\r\n    In the box: AC Adapter, USB cable, Headset, Quick start guide				', 'The Desire 816 adopts the iconic design of the award-winning HTC One, applying exciting colours and premium materials to give the Desire family their own distinctive flavor.\r\n\r\nBut it has more than just pretty looks — the Desire 816 comes equipped with dual-frontal speakers and HTC BoomSound that boosts audio performance with the full sound you&#39;ve grown to love on the HTC One.\r\n\r\nThis is the ideal phone for photography lovers – whether you want to take the perfect selfie or capture a stunning view, the Desire 816 allows you to enhance your images and edit your video clips before sharing them or by simply reliving the moment on the large high-resolution screen. It comes with a whopping 5MP front-facing camera, a 13MP rear-facing camera, and Video Highlights.				', 'htc-desire-816.jpg', 269.99, 42),
	(17, 1, 1, 'Desire 616 Dual SIM', '    System: Android 4.2 Jelly Bean\r\n    Processor: 1.4 GHz / Octa Core\r\n    Memory: Internal: 4 GB / RAM: 1 GB / Slot type: microSD / Max. slot capacity: 32 GB\r\n    Display: 5&#34; / HD 720 / Resolution: 2560 x 1440 pixels / 538 ppi\r\n    Camera: 8 Mpixels / Flash: LED / Video: 1080p / Front: 2 Mpixels, Video: 720p\r\n    SIM type: Dual SIM: mini-SIM (SIM 1), micro-SIM (SIM 2)\r\n    Network: 3G: 900/2100 MHz (SIM 1) / GSM: 850/900/1800/1900 MHz (SIM 1 & 2)\r\n    Wireless: Bluetooth: 4.0 / Wi-Fi: 802.11 b/g/n\r\n    Connection: Jack 3.5 mm / micro USB\r\n    GPS: Internal GPS antenna\r\n    Sensors: Accelerometer, Proximity sensor, Ambient light sensor\r\n    Battery: 2000 mAh (Removable)\r\n    Weight: 150 g\r\n    Dimensions: 142 x 71.9 x 9.15 mm\r\n    In the box: HTC Desire 616, Battery, Stereo Headset, USB cable, HTC AC Adapter TC P800, Documentation				', 'The HTC Desire 616 dual sim is the ideal phone for multi tasking, featuring Octa-core powerful processor for accelerated use, that can keep up with the busiest lifestyle. Driven to perform and toggle between apps, loading web pages in a flash.\r\n\r\nThe Desire 616 allows you to enjoy stunning videos, through its generous 5&#34; screen and 1080p full HD video playback feature, which pulls together your own photos and videos with effects that you can select. It comes with a whopping 8 MP camera with auto focus and 2MP front-facing camera.\r\n\r\nAnd we can&#34;t forget about your favourite social networks, news sources, sport sites and entertainment feeds that are fully personalised through the HTC BlinkFeed which shows your latest streams. There is also the offline reading features that saves content to read later, without adding up to your Wi-Fi data usage. 				', 'htc-desire-616-dual-sim.jpg', 199.99, 29),
	(19, 1, 1, 'Desire EYE', '    System: Android 4.4.2 KitKat®\r\n    Processor: 2.3 GHz / Quad Core / Qualcomm® Snapdragon 801 / GPU: Adreno 330\r\n    Memory: Internal: 16 GB / RAM: 2 GB / Slot type: microSD / Max. slot capacity: 128 GB\r\n    Display: 5.2&#34; / Resolution: 1920 x 1080 pixels / 423 ppi\r\n    Camera: 13 Mpixels / Flash: Dual LED / Front: 13 Mpixels / Video: 1080p @ 30fps\r\n    Network: 4G: FDD LTE 700/900/1800/2100/2600 / LTE TDD 2300/2600/1900/2500 / 3G: 850/900/2100 MHz / GSM: 850/900/1800/1900 MHz\r\n    nanoSIM\r\n    Wireless: Bluetooth: 4.0+A2DP / DLNA, NFC / Wifi: IEEE 802.11 a/b/g/n\r\n    Connection: Jack 3.5 mm / micro USB\r\n    GPS: GPS/AGPS + GLONASS\r\n    Sensors: Accelerometer, Compass, Gyro sensor, Proximity sensor\r\n    IPX7 certification\r\n    Battery: 2400 mAh\r\n    Weight: 154 g\r\n    Dimensions: 151.7 x 73.8 x 8.5 mm\r\n    In the box: AC Adapter, USB cable, Headset, Quick start guide				', 'Featuring a fantastic front-facing camera and a software that puts you at the center and looking your best, the HTC Desire EYE is the phone for capturing big and small moments in perfect clarity.\r\n\r\nSporting market-leading 13MP front and rear cameras for detailed image quality that allows you to zoom, crop and print without compromise, the HTC Desire EYE is fully equipped for those who love to take great photos, videos and selfies.\r\nBSI sensors capture crisp photos, even in low-light conditions, and intelligent dual-LED flash on both cameras provides flattering, natural tones when ambient light levels drop further.\r\n\r\nFeaturing HTC&#39;s new EYE Experience and Zoe, with a Qualcomm® Snapdragon 801 processor and high-speed 4G connectivity, editing and sharing your best shots will also be smooth and effortless, wherever you are.				', 'htc-desire-eye.jpg', 199.99, 33),
	(20, 1, 1, 'Desire 210', '    Size: 125.7 x 65 x 10.5 mm\r\n    Weight: 130 g\r\n    Display: 4.0 inch, WVGA\r\n    CPU Speed: 1.0 GHz dual-core CPUs\r\n    Platform Android: Android™ 4.2 - HTC BlinkFeed™\r\n    SIM Card Type: Dual SIM (Micro SIM & Normal SIM)\r\n    Network: SIM 1: Up to HSPA+ (900/2100 MHz)\r\n    Network: SIM 2: Up to EDGE (900/1800/1900 MHz)\r\n    Memory: Total storage: 4 GB, available capacity varies\r\n    RAM: 512 MB - Expansion card slot supports microSDTM memory card for up to 32GB additional storage (card not included)\r\n    GPS: Internal GPS antenna\r\n    Sensors: Accelerometer\r\n    Connectivity: 3.5 mm stereo audio jack | Bluetooth® 4.0 | Wi-Fi®: IEEE 802.11 b/g/n\r\n    Camera: 5 MP camera | Front Camera: VGA | Video Highlights\r\n    Audio supported formats: Playback: .wav, .mp3, .xmf, .amr, aac .wma (Windows Media Audio 9 | Recording: .amr, .aac\r\n    Video Playback: .mp4, .wmv(Windows Media Video 9), H.263, H.264, | Recording: .mp4, H.263, H.264,\r\n    Battery Capacity: 1300 mAh\r\n    Talk Time: Up to 9 hours for 3G\r\n    Standby time: Up to 260 hours for 3G\r\n    AC Adaptor: Voltage range/frequency: 100 ~ 240 V AC, 50/60 Hz | DC output: 5 V and 1 A				', 'Solid performance at an affordable price: with a high-quality 4” screen and dual-core processor, the Desire 210 keeps you updated with home screen feeds and includes a 720p video recorder. Combine your photos into mini movies with music and effects.\r\n\r\nDRIVEN TO PERFORM\r\nPowerful processor for accelerated use. Toggle between several apps for snappy multitasking, load web pages in a flash, and enjoy high-quality gaming with smooth graphic display. Enjoy stunning videos, imaging performance, and connectivity at blistering speeds.\r\n\r\nYOUR HOME SCREEN YOUR WAY\r\nCustomize your home screen: select your favorite social networks, news sources, sports sites, and entertainment feeds. Your personalized HTC BlinkFeed gives you the latest streams. Plus, offline reading features allows you to save content you want ot read later, without maxing out your wi-fi data usage. With HTC BlinkFeed, you’ll get everything directly on your home screen, every time you refresh your phone. 				', 'htc-desire-210-smartphon.jpg', 94.99, 23),
	(21, 1, 1, 'Butterfly 2', '    System: Android 4.4 KitKat®\r\n    Processor: 2.5 GHz / Quad Core / Qualcomm Snapdragon 801\r\n    Memory: Internal: 16 GB / RAM: 2 GB / Slot type: microSD / Max.slot capacity: 128 GB\r\n    Display: 5&#34; / Full HD 1080p\r\n    Camera: 13 Mpixels / BSI sensor, f/2.2 / Video: 1080p / Front: 5 Mpixels\r\n    Network: 4G: LTE FDD - Band 1/3/7/8/28, TDD - Band 38/40/41 / 3G: 850/900/2100 MHz / GSM: 850/900/1800/1900 MHz\r\n    SIM type: nano-SIM\r\n    Wireless: Bluetooth: 4.0 / Wi-Fi: 802.11 a/c / DLNA, NFC\r\n    Connection: Jack 3.5 mm / micro USB\r\n    GPS: Internal GPS antenna + GLONASS\r\n    Sensors: Accelerometer, Proximity sensor, Ambient light sensor, Gyro sensor\r\n    Battery: 2700 mAh (Built-in)\r\n    Weight: 151 g\r\n    Dimensions: 145.4 x 70.2 x 9.99 mm				', 'The smooth design of the HTC Butterfly 2 redefines smartphone elegance. Its stacked internal components allow a clean, curved back with tapered edges for a shape that fits in your hand with natural ease. Its stunning display features new image technology to reduce colour washout and enhance brightness and viewing angles. Every detail has been carefully crafted for a smartphone experience like no other. 				', 'htc-butterfly-2.jpg', 439.99, 16),
	(22, 1, 7, 'Xperia M2 D2303', '    System: Android 4.3 Jelly Bean\r\n    Processor: 1.2 GHz / Quad Core / Qualcomm® Snapdragon™ 400 MSM8926 / GPU: Adreno 305\r\n    Memory: Internal: 8 GB / RAM: 1 GB / Slot type: microSD / Max. slot capacity: 32 GB\r\n    Display: 4.8&#34; / Resolution: 960 x 540 pixels / 229 ppi\r\n    Camera: 8 Mpixels / Exmor RS / Flash: LED / Video: 1080p full HD / Front: Yes\r\n    Network: 4G: LTE Bands 1/3/5/7/8/20 / 3G: 850/900/2100 MHz / GSM: 850/900/1800/1900 MHz\r\n    SIM card: micro-SIM\r\n    Wireless: Bluetooth: 4.0 / Wi-Fi: IEEE 802.11 a/b/g/n / DLNA, MHL, NFC\r\n    Connection: Jack 3.5 mm / micro USB\r\n    GPS: aGPS\r\n    Sensors: Accelerometer, Digital Compass, Proximity sensor\r\n    Battery: 2300 mAh\r\n    Weight: 148 g\r\n    Dimensions: 139.6 x 71.1 x 8.6 mm\r\n				', 'The Sony Xperia™ M2 D2303 is a 4G LTE smartphone that offers blockbuster entertainment and flagship experiences at a mid-range price point, thanks to a best-in-class processor, Sony&#39;s display expertise, a razor sharp 8MP camera with Exmor RS for mobile and Sony&#39;s music and video entertainment.\r\n\r\nThe stunning Xperia™ M2 8MP camera with Exmor RS for mobile comes armed with Autoscene Recognition and HDR. Using the expertise and technology of Sony&#39;s Cyber-shot cameras, Xperia M2 is perfect for capturing all of your favourite moments in brilliant quality.\r\n\r\nSony&#39;s engineering expertise in display and camera technologies collide to create Xperia M2. The large 4.8&#34; qHD display, carefully crafted with Sony&#39;s display expertise is perfect for enjoying entertainment content on the large qHD display.				', 'Sony Xperia M2.jpg', 209.99, 23),
	(23, 1, 7, 'Xperia E1 Dual D2105', '    System: Android 4.3 Jelly Bean\r\n    Processor: 1.2 GHz / Dual Core / Qualcomm MSM8210 Snapdragon 200 / GPU: Adreno 200\r\n    Memory: Internal: 4 GB / RAM: 512 MB / Slot type: microSD / Max. slot capacity: 32 GB\r\n    Display: 4.0&#34; / TFT capacitive touchscreen / Resolution: 480 x 800 pixels / 233 ppi\r\n    Camera: 3.15 Mpixels / Video: 480p\r\n    Network: 3G: 900/2100 MHz / GSM: 850/900/1800/1900 MHz\r\n    miniSIM\r\n    Wireless: Bluetooth: 2.1+EDR / Wifi: IEEE 802.11 b/g/n\r\n    Connection: Jack 3.5 mm / microUSB V2.0\r\n    GPS: aGPS\r\n    Sensors: Accelerometer, Proximity sensor\r\n    Dual Sim\r\n    Battery: 1750 mAh\r\n    Weight: 115.7 grams\r\n    Dimensions: 113.5 x 61.8 x 11 mm				', 'Sony Xperia E1 dual smartphone with 4.00-inch 480x800 display powered by 1.2GHz processor alongside 512MB RAM and 3.15-megapixel rear camera. 				', 'sony-xperia-e1-dual-d2105.jpg', 129.99, 13),
	(24, 1, 7, 'Xperia M Dual C2005', '    System: Android 4.1 Jelly Bean\r\n    Processor: 1 GHz / Dual Core / Qualcomm / GPU: Adreno 305\r\n    Memory: Internal: 4 GB / RAM: 1 GB / Slot type: microSD / Max. slot capacity: 32 GB\r\n    Display: 4.0&#34; / TFT capacitive touchscreen / Resolution: 854 x 480 pixels / 245 ppi\r\n    Camera: 5 Mpixels / Flash: LED / Front: Yes / Video: 720p / 4x digital zoom with auto focus\r\n    Network: 3G: 900/2100 MHz / GSM: 850/900/1800/1900 MHz\r\n    microSIM\r\n    Wireless: Bluetooth: 4.0+A2DP / DLNA, NFC / Wifi: IEEE 802.11 a/b/g/n\r\n    Connection: Jack 3.5 mm / micro USB\r\n    GPS: aGPS\r\n    Sensors: Accelerometer, Digital Compass, Proximity sensor\r\n    Dual Sim\r\n    Battery: 1800 mAh\r\n    Battery life: Standby time: > 552 h / Talk time: > 10 h 18 min\r\n    Weight: 124 grams\r\n    Dimensions: 124 x 62 x 9.3 mm\r\n    In the box: AC Adapter, USB cable, Headset, Quick start guide, Battery				', 'Xperia M is designed to bring NFC connectivity for one-touch functions, stunning design and a range of technologies including: a high quality screen for sharp viewing; smart camera functionality for impressive pictures and videos; Battery STAMINA Mode for outstanding battery life; and Sony&#39;s signature media apps for enjoying photos, music, movies and games on the go, integrating Sony Entertainment Network services directly in the apps.\r\n\r\nThe dual SIM cards are perfect when you want to separate work from play – and handle your calls in a cost-efficient way. You switch between SIM cards anytime with a simple click.\r\n				', 'sony-xperia-m-dual-c2005.jpg', 115.99, 19),
	(25, 1, 7, 'Xperia E3 LTE', '    System: Android 4.4 KitKat®\r\n    Processor: 1.2 GHz / Quad Core / Qualcomm Snapdragon / GPU: Adreno 305 GPU\r\n    Memory: Internal: 4 GB / RAM: 1 GB / Slot type: microSD / Max. slot capacity: 32 GB\r\n    Display: 4.5&#34; / IPS / Resolution: 854 x 480 pixels / 217 ppi\r\n    Camera: 5 Mpixels / Flash: LED / Front: VGA / Video: 1080p\r\n    Wireless: Bluetooth: 4.0 / Wifi: IEEE 802.11 b/g/n\r\n    Connection: Jack 3.5 mm / micro USB\r\n    GPS: AGPS & GLONASS\r\n    Sensors: Accelerometer, Compass\r\n    Battery: 2330 mAh\r\n    Battery life: Standby time: > 706 / Talk time: > 12h20\r\n    Weight: 143.8 g\r\n    Dimensions: 137.1 x 69.4 x 8.5 mm				', 'Slim, resilient and ready for anything\r\nXperia E3 brings you Sony quality and design in a package made to suit your life. This slim, lightweight 4G smartphone is easy to use with one hand and perfect for life on the go. And with a scratch resistant screen and corners crafted for extra resilience, your phone will stay fresh and action-ready for longer.\r\n\r\nMake your pictures shine\r\nThe easy-to-handle Xperia E3 makes taking photos and videos effortless and fun, even at a moment’s notice. Grab your phone and launch the camera in seconds using shake to start app. Capture that fleeting magic moment with an app like Social live, and share the action from your super-fast 4G smartphone.\r\n\r\nSuper fast, and a battery that lasts up to two days\r\nStay out and about as long as you want with the Xperia E3’s powerful, long-lasting, up-to-two-day battery*. This 4G smartphone also boasts a Quad-core processor, so everything happens at lightning speed and at a price that suits your budget. 				', 'sony-xperia-e3-lte-smartphone-d2206.jpg', 224.99, 22),
	(26, 1, 7, 'Xperia T2 Ultra Dual D5322', '    System: Android 4.3 Jelly Bean\r\n    Processor: 1.4 GHz / Quad Core / Qualcomm Snapdragon MSM8228 / GPU: Adreno 305\r\n    Memory: Internal: 8 GB / RAM: 1 GB / Slot type: microSD / Max. slot capacity: 32 GB\r\n    Display: 6.0&#34; / HD TRILUMINOS Display for mobile with Mobile BRAVIA Engine 2 for mobile picture engine / Resolution: 1280 x 720 pixels / 216 ppi\r\n    Camera: 13 Mpixels / Sony Exmor RS® for mobile / Flash: LED / Video: 1080p / Front: 1.1 Mpixels\r\n    SIM type: Dual SIM: micro-SIM\r\n    Network: 3G: 850/900/1900/2100 MHz / GSM: 850/900/1800/1900 MHz\r\n    Wireless: Bluetooth: 4.0 / Wi-Fi: 802.11 a/b/g/n / DLNA, MHL, NFC\r\n    Connection: Jack 3.5 mm / micro USB\r\n    GPS: aGPS\r\n    Sensors: Accelerometer, Digital Compass, Gyro sensor, Proximity sensor\r\n    Battery: 3000 mAh (Built-in)\r\n    Weight: 171.8 g\r\n    Dimensions: 165.2 x 83.8 x 7.65 mm\r\n    In the box: Sony Xperia T2 Ultra Dual, Sony Stereo Headset MH410c, Sony Media Cable EC450, Sony Charger EP800, Documentation				', 'Sony Xperia T2 Ultra: the large screen smartphone for entertainment on-the-go!\r\n\r\nThe wide-viewing angle screen of the Xperia T2 Ultra HD mobile is a 6&#34; 720p HD TRILUMINOS™ Display for mobile. Built with the same groundbreaking technology as Sony BRAVIA® TVs, it gives you amazingly vivid colours and razor-sharp images.\r\n\r\nThe 13-megapixel camera is built with the very same components as Sony&#39;s digital cameras, and features an Exmor RS™ for mobile image sensor and HDR for both pictures and videos.\r\n\r\nThe advanced 1.4 GHz Qualcomm® Snapdragon quad-core processor provides maximum performance and speed, and incredible graphics, without draining the battery.				', 'sony-xperia-t2-ultra-dual-d5322.jpg', 259.99, 31),
	(27, 1, 7, 'Xperia C3 Dual D2502', '    System: Android 4.4 KitKat®\r\n    Processor: 1.2 GHz / Quad Core / Qualcomm Snapdragon MSM8926\r\n    Memory: Internal: 8 GB / RAM: 1 GB / Slot type: microSD / Max. slot capacity: 32 GB\r\n    Display: 5.5&#34; / TRILUMINOS Display for mobile with BRAVIA Engine 2 / Resolution: 1280 x 720 pixels\r\n    Camera: 8 Mpixels / Flash: LED / Video: 1080p full HD / Sony Exmor RS for mobile image sensor / Front: 5 Mpixels\r\n    SIM type: micro-SIM (Dual SIM)\r\n    Network: 3G: 850/900/1900/2100 MHz (SIM 1) / GSM: 850/900/1800/1900 MHz (SIM 1 & 2)\r\n    Wireless: Bluetooth: 4.0 / Wi-Fi: 802.11 b/g/n / DLNA, NFC\r\n    Connection: Jack 3.5 mm / micro USB\r\n    GPS: aGPS, Glonass\r\n    Sensors: Accelerometer, Ambient light sensor, Magnetometer, Proximity sensor\r\n    Battery: 2500 mAh (Built-in)\r\n    Weight: 150 g\r\n    Dimensions: 156 x 78.5 x 7.6 mm				', 'Sony Xperia C3 Dual smartphone with 5.50-inch 720x1280 display powered by 1.2GHz processor alongside 1GB RAM and 8-megapixel rear camera. 				', 'sony-xperia-c3-dual-d2502.jpg', 229.99, 15),
	(28, 1, 7, 'Xperia Z2 D6503', '    System: Android 4.4 KitKat®\r\n    Processor: 2.3 GHz / Quad Core / Qualcomm® Snapdragon™ 801 MSM8974AB / GPU: Adreno 330\r\n    Memory: Internal: 16 GB / RAM: 3 GB / Slot type: microSD / Max. slot capacity: 64 GB\r\n    Display: 5.2&#34; / TRILUMINOS™ Display with X-Reality / Resolution: 1920 x 1080 pixels / 423 ppi\r\n    Camera: 20.7 Mpixels / Flash: LED / Front: 2.2 Mpixels / Video: 4K / 1/2.3” Exmor RS™, G Lens (27mm wide angle lens with bright F2.0), digital zoom 8X\r\n    Network: 4G: LTE / 3G: 850/900/1900/2100 MHz / GSM: 850/900/1800/1900 MHz\r\n    microSIM\r\n    Wireless: Bluetooth: 4.0 / DLNA, MHL, NFC / Wifi: IEEE 802.11 a/ac/b/g/n\r\n    Connection: Jack 3.5 mm / micro USB\r\n    GPS: GPS/AGPS + GLONASS\r\n    Sensors: Accelerometer, Ambient Light Sensor, Gyroscope, Magnetometer, Proximity sensor\r\n    Dust-proof (IP5X) and water-resistant (IPX5 / IPX8)\r\n    Battery: 3220 mAh\r\n    Weight: 158 grams\r\n    Dimensions: 146.8 x 73.3 x 8.2 mm\r\n    In the box: AC Adapter, USB cable, Headset, Quick start guide				', 'The Xperia Z2 Android smartphone is designed with the user in mind, drawing on Sony&#39;s expertise in premium craftsmanship. Evolving Sony&#39;s stunning OmniBalance design, Xperia Z2 has a slimmer and more comfortable feel by having the glass panels encased in a single, solid aluminium frame with smoother edges. This dust-resistant and waterproof (IP55 & IP58) powerhouse blends beauty with function.\r\n\r\nThe 20.7 megapixel camera is matched with 1/2.3-type Exmor RS for mobile CMOS image sensor, Sony&#39;s award-winning G Lens and intelligent BIONZ™ for mobile image processing engine.\r\nThese features work together to bring you sharp, vivid and beautiful photos and videos no matter what the circumstances. With new enhanced video mode, you can now capture memories in stunning detail in 4K resolution (3840×2160 pixels/30p) at four times the detail of Full HD.				', 'sony-xperia-z2-white.jpeg', 389.99, 24),
	(29, 1, 7, 'Xperia Z Ultra C6833', '    System: Android 4.4 KitKat®\r\n    Processor: 2.2 GHz / Quad Core / Qualcomm® Snapdragon™ 800 MSM8974\r\n    Memory: Internal: 16 GB / RAM: 2 GB / Slot type: microSD / Max. slot capacity: 64 GB\r\n    Display: 6.4&#34; / TRILUMINOS™ Display with X-Reality / Resolution: 1920 x 1080 pixels / 342 ppi\r\n    Camera: 8 Mpixels / Flash: LED / Front: 2 Mpixels / Video: 1080p full HD / Exmor RS camera, Auto focus, Burst Mode\r\n    Network: 4G: LTE / 3G: 850/900/1900/2100 MHz / GSM: 850/900/1800/1900 MHz\r\n    microSIM\r\n    Wireless: Bluetooth: 4.0 / DLNA, MHL, NFC / Wifi: IEEE 802.11 a/ac/b/g/n\r\n    Connection: Jack 3.5 mm / micro USB\r\n    GPS: aGPS\r\n    Sensors: Accelerometer, Compass, Gyroscope, Proximity sensor\r\n    Dust-proof and water-resistant (IP55 / IP58) Shatter proof sheet on scratch-resistant glass\r\n    Battery: 3140 mAh\r\n    Battery life: Standby time: > 790 h / Talk time: > 14 h\r\n    Weight: 212 grams\r\n    Dimensions: 179 x 92 x 6.5 mm				', 'The new Xperia Z Ultra is waterproof, ultra-slim with a lightweight design so you can enjoy it anytime, anywhere.\r\n\r\nIt&#39;s the first smartphone ever to incorporate a 6.4&#34; Full HD TRILUMINOS™ Display for mobile powered by Sony&#39;s latest X-Reality™ for mobile picture engine to deliver the most immersive viewing experience imaginable.\r\nAdditionally, the Xperia Z Ultra will also feature the fully integrated Qualcomm® Snapdragon™ 800 processor with 2.2 GHz quad-core CPUs, 4G LTE and HD voice to provide a seamless connected entertainment experience, industry-leading battery performance and amazing speed.\r\n				', 'sony-xperia-z-ultra-c6833.jpg', 289.99, 26),
	(30, 1, 7, 'Xperia Z3 Compact D5803', 'System: Android 4.4 KitKat®\r\nProcessor: 2.5 GHz / Quad Core / Qualcomm Snapdragon 801 / GPU: Adreno 330\r\nMemory: Internal: 16 GB / RAM: 2 GB / Slot type: microSD / Max. slot capacity: 128 GB\r\nDisplay: 4.6&#34; / HD TRILUMINOS with X-Reality for mobile picture engine / Resolution: 1280 x 720 pixels\r\nCamera: 20.7 Mpixels / Flash: LED / Front: 2.2 Mpixels / Video: 1080p\r\nNetwork: LTE 700/800/850/900/1700/1800/1900/2100/2600 / 3G: HSDPA 850/900/1700/1900/2100 / GSM: 850/900/1800/1900 MHz\r\nWireless: Bluetooth: 4.0 / DLNA, NFC / Wifi: 802.11 a/b/g/n/ac\r\nConnection: Jack 3.5 mm / micro USB\r\nGPS: AGPS & GLONASS\r\nSensors: Accelerometer, Gyro sensor, Proximity sensor\r\nWaterproof (IPX5 and IPX8)* / Dust tight (IP6X)\r\nBattery: 2600 mAh\r\nBattery life: Standby time: > 920 / Talk time: > 14\r\nWeight: 129 g\r\nDimensions: 127.3 x 64.9 x 8.64 mm				', 'Waterproof design that lets you do more\r\nXperia Z3 Compact is the smartphone designed to enhance your life. And life isn’t lived inside. With the highest waterproof rating*, Xperia Z3 Compact lets you answer calls in the rain or take pictures in the pool. And it can handle all the drops into the sink in between. Combined with a slim, compact design that’s easy to use with one hand, Xperia Z3 Compact is the Android smartphone that teams durability with beauty.\r\n\r\nOur best camera, for your greatest times\r\nSome of the best times happen in the lowest light. Years of Sony camera expertise have been brought to Xperia Z3 Compact, to deliver unparalleled low-light capability. Thanks to Cyber-shot and Handycam technologies you can record stunning videos on the move and take crisp shots under water. Want to take your shots to the next level? Get creative with our unique camera apps. It’s our best smartphone camera yet – for memories that deserve more than good. 				', 'sony-xperia-z3-compact-d5803.jpg', 499.99, 27),
	(32, 1, 10, 'Galaxy Mega 2', '    System: Android 4.4 KitKat®\r\n    Processor: 1.5 GHz / Quad Core / Exynos 4415 / GPU: Mali-400\r\n    Memory: Internal: 16 GB / RAM: 1.5 GB / Slot type: microSD / Max. slot capacity: 64 GB\r\n    Display: 6.0&#34; / Capacitive Multitouch / Resolution: 1280 x 720 pixels / 245 ppi\r\n    Camera: 8 Mpixels / Flash: LED / Front: 2.1 Mpixels / Video: 1080p @ 30fps\r\n    Network: 4G: 700/850/900/1800/2100/2600 MHz / 3G: 850/900/1900/2100 MHz / GSM: 850/900/1800/1900 MHz\r\n    microSIM\r\n    Wireless: Bluetooth: 4.0 + A2DP + LE / Wifi: IEEE 802.11 a/b/g/n\r\n    Connection: Jack 3.5 mm / microUSB V2.0\r\n    GPS: AGPS & GLONASS\r\n    Sensors: Accelerometer, Compass, Gyro sensor, Proximity sensor\r\n    Battery: 2800 mAh\r\n    Weight: 194 grams\r\n    Dimensions: 163.6 x 84.9 x 8.6 mm				', 'Inside GALAXY Mega 2 is the powerful Quad Core A9 processor running at 1.5 GHz, which delivers an uninterrupted experience in any media consumption, be it gaming or watching videos. The GALAXY Mega 2 also comes with LTE Category 4 connectivity provides consumers with blazing fast downloads of movies and games on-the-go.\r\n\r\nVideo playback, gaming and web browsing on the GALAXY Mega 2 are remarkably brilliant and vivid from wide viewing angles thanks to its 6.0-inch HD TFT display. The big-screen entertainment device also enhances multitasking capabilities allowing consumers to fully utilise the larger screen through Multi Window. Consumers can open more than one application on the screen and easily share content between applications. 				', 'samsung-galaxy-mega-2.jpg', 324.99, 13),
	(34, 1, 10, 'Samsung GALAXY S III mini', '    Platform: Android™ 4.1 (Jelly Bean)\r\n    CPU: Dual Core 1GHz\r\n    Memory: Internal phone storage: 8GB / RAM: 1GB / microSD up to 32GB\r\n    Display: 4.0-inch Super AMOLED with WVGA resolution\r\n    Camera: 5 megapixel camera with auto focus, LED flash / F2.0 aperture and 28mm lens / 720p HD video recording / VGA front facing camera\r\n    Connectivity: Bluetooth® 4.0 / Wi-Fi®: IEEE 802.11a/b/g/n / 3.5 mm stereo audio jack / Micro-USB\r\n    GPS: Internal GPS antenna with GLONASS\r\n    Network: HSPA/WCDMA: 900/1900/2100 MHz / Quad-band GSM/GPRS/EDGE: 850/900/1800/1900 MHz / (Band frequency, HSPA availability, and data speed are operator dependent)\r\n    Sensors: Accelerometer, Digital compass, Proximity, Gyro sensor\r\n    Battery: 1500 mAh Li-ion Polymer battery\r\n    Weight: 120 grams\r\n    Dimensions: 121.55 x 63 x 9.85 mm				', 'The GALAXY S III mini brings the high performance, intuitive ease-of-use and nature-inspired design of the GALAXY S III to an elegant, compact smartphone with a 4.0-inch screen. It can be an optimal choice for consumers who are looking for more practical smartphones.\r\n\r\nStylish and compact, the GALAXY S III mini shares the GALAXY S III&#39;s breakthrough design and simple elegance. Its ultra-minimal curved frame delivers a rich natural feel, which is also reflected on its nature-inspired home screen, wallpapers and ringtones.\r\nIts beautiful 4.0-inch Super AMOLED display offers a generous viewing experience that lets you view multimedia and Web content in brilliant color and clarity. Its compact size gives users a comfortable grip and allows a convenient one-hand operation.				', 'Samsung-I8190-Galaxy-S-III-mini-896.jpg', 159.99, 22),
	(35, 1, 10, 'Galaxy Ace 4 Lite', '    System: Android 4.4.2 KitKat®\r\n    Processor: 1.2 GHz / Dual Core\r\n    Memory: Internal: 4 GB / RAM: 1 GB / Slot type: microSD / Max. slot capacity: 64 GB\r\n    Display: 4.0&#34; / TFT LCD / Resolution: 800 x 480 pixels / 233 ppi\r\n    Camera: 5 Mpixels / Flash: LED / Front: VGA / Video: 720p @ 30fps\r\n    Network: 4G: 800/900/1800/2600 MHz / 3G: 850/900/2100 MHz / GSM: 850/900/1800/1900 MHz\r\n    microSIM\r\n    Wireless: Bluetooth: 4.0+A2DP / Wifi: IEEE 802.11 b/g/n\r\n    Connection: Jack 3.5 mm / micro USB\r\n    GPS: AGPS & GLONASS\r\n    Sensors: Accelerometer\r\n    Battery: 1830 mAh\r\n    Weight: 130.3 grams\r\n    Dimensions: 121.4 x 62.9 x 11 mm\r\n    In the box: AC Adapter, USB cable, Headset, Quick start guide				', 'Simple yet versatile\r\nIf you’re looking for a smartphone that’s simple yet powerful, the Samsung GALAXY Ace 4 LTE is perfect for you. It comes packed with the key features you want in a top-notch smartphone, maximizing your mobile life\r\n\r\nStreamlined experience\r\nFor those who want more speed, the GALAXY Ace 4 LTE features a powerful 1.2 GHz dual-core processor and LTE Cat4, allowing for even smoother video streaming, web surfing and downloading.\r\n\r\nSeamless photo and video capture\r\nGALAXY Ace 4 LTE eliminates the hassle of switching between photo and video modes by offering the camera and video record buttons on the same screen. Never miss capturing a special moment again. 				', 'samsung-galaxy-ace-4-lite.jpg', 109.99, 0),
	(36, 1, 10, 'GALAXY A5 Dual SIM', '    System: Android 4.4 KitKat®\r\n    Processor: 1.2GHz Octa Core\r\n    Memory: Internal: 16 GB / RAM: 2 GB / Slot type: microSD / Max. slot capacity: 64 GB\r\n    Display: 5&#34; / HD Super AMOLED / Resolution: 1280 x 720 pixels\r\n    Camera: 13 Mpixels / Flash: LED / Front: 5 Mpixels\r\n    Network: SIM 1: LTE TDD - B38(2600)/B39(1900)/B40(2300)/B41(2500), LTE FDD - B1(2100)/B3(1800)/B7(2600), TD-SCDMA - B34(2010)/B39(1880), WCDMA - B1(2100)/B2(1900)/B5(850)/B8(900), GSM - 850/900/1800/1900: SIM 2: GSM - 850/900/1800/1900\r\n    Wireless: Bluetooth: 4.0 / Wifi: WiFi 802.11 a/b/g/n\r\n    Connection: Jack 3.5 mm / micro USB\r\n    GPS: GLONASS\r\n    Sensors: Accelerometer, Proximity, Geo-magnetic, RGB ambient light, Hall sensor\r\n    Battery: 2300 mAh\r\n    Weight: 123 g\r\n    Dimensions: 139.3 x 69.7 x 6.7 mm				', 'The Galaxy A5 is a slim smartphone featuring refined full metal unibody designs (6.7 mm thin).\r\n\r\nThe Galaxy A5 device has an advanced 5MP front-facing camera, meaning capturing that perfect selfie is easier than ever before. Innovative photo-taking features, such as Wide Selfie, Palm Selfie, Animated GIF, Beauty Face Features, and Rear-cam Selfie, let users capture the best selfies possible in high resolution by automatically detecting and focusing on a person’s face. Users are also able to quickly and easily share photos or videos on their favourite social media channels with the device’s fast network speed of LTE Category 4 standard.				', 'samsung-galaxy-a5-dual-sim.jpg', 389.99, 18),
	(37, 1, 10, 'GALAXY Grand 2 Duos', '    System: Android 4.3 Jelly Bean\r\n    Processor: 1.2 GHz / Quad Core / Qualcomm MSM8226 Snapdragon 400 / GPU: Adreno 305\r\n    Memory: Internal: 8 GB / RAM: 1.5 GB / Slot type: microSD / Max. slot capacity: 64 GB\r\n    Display: 5.2&#34; / TFT / Resolution: 1280 x 720 pixels / 279 ppi\r\n    Camera: 8 Mpixels / Flash: LED / Front: 1.9 Mpixels / Video: 1080p @ 30fps\r\n    Network: 3G: 800/850/900/1700/1900/2100 MHz / GSM: 900/1800/1900 MHz\r\n    microSIM\r\n    Wireless: Bluetooth: 4.0+A2DP / Wifi: IEEE 802.11 a/b/g/n\r\n    Connection: Jack 3.5 mm / microUSB V2.0\r\n    GPS: AGPS & GLONASS\r\n    Sensors: Accelerometer, Digital Compass, Hall sensor, Light Sensor, Proximity sensor\r\n    Dual SIM\r\n    Battery: 2840 mAh\r\n    Weight: 163 grams\r\n    Dimensions: 146.8 x 75.3 x 8.9 mm\r\n    In the box: AC Adapter, USB cable, Headset, Quick start guide, Battery				', 'The Galaxy Grand 2 brings users an incredible smartphone viewing experience with a 5.25&#34; screen with 16:9 HD ratio, perfect for watching movies, playing games and e-reading.\r\n\r\nMulti Window takes multitasking to the next level by maximizing the benefits of the device’s large screen, enabling users to run one application in two windows at the same time.\r\n\r\nGalaxy Grand 2 delivers enhanced performance with a more powerful Quad Core 1.2GHz processor and long-lasting 2,600mAh battery to bring users up to 10 hours of playback and 17 hours of calls. 				', 'samsung-galaxy-grand-2-g7102.jpg', 229.99, 15),
	(39, 1, 10, 'Galaxy V Dual SIM', '    HSPA+ : HSDPA 21 Mbps HSUPA 5.76 Mbps (900/2100)\r\n    EDGE/GPRS : 850/900/1800/1900\r\n    Screen: 100.8mm (4.0&#34;) WVGA TFT\r\n    CPU: 1.2GHz Single Core\r\n    Camera: 3MP Camera with LED Flash + VGA Front Camera\r\n    SIM: Dual SIM\r\n    GPS: GPS/GLONASS\r\n    Battery: 1500mAh Battery				', 'Simple yet versatile\r\nIf you’re looking for a smartphone that’s simple yet powerful, the Samsung GALAXY V is perfect for you. It comes packed with the key features you want in a top-notch smartphone, maximizing your mobile life\r\n\r\nStreamlined experience\r\nGALAXY V features a 1.2 GHz processor, 4&#34; display, 1,500 mAh battery and the TouchWiz Essence UX user interface, making it even easier to enjoy all your favorite apps and media.\r\n\r\nSeamless photo and video capture\r\nGALAXY V eliminates the hassle of switching between photo and video modes by offering the camera and video record buttons on the same screen. Never miss capturing a special moment again 				', 'samsung-galaxy-v-dual-sim-smartphone.jpg', 99.99, 15),
	(40, 1, 3, 'ASUS ZenFone 5 Dual SIM', '    System: Android 4.3 (Jelly Bean) or above\r\n    Processor: 1.6 GHz / Multi-Core / Intel® Atom™ Z2560\r\n    Memory: Internal: 8 GB / RAM: 2 GB / Slot type: microSD / Max. slot capacity: 64 GB\r\n    Display: 5&#34; / IPS / Resolution: 1280 x 720 pixels HD\r\n    Camera: 8 Mpixels / Flash: LED / Auto Focus, PixelMaster / Front: 2 Mpixels\r\n    Network: 3G: 850/900/1900/2100 MHz / GSM: 850/900/1800/1900 MHz\r\n    SIM type: micro-SIM (Dual SIM)\r\n    Wireless: Bluetooth: 4.0 / Wi-Fi: 802.11 b/g/n\r\n    Connection: Jack 3.5 mm / micro USB\r\n    GPS: aGPS & GLONASS\r\n    Sensors: G-sensor, Digital Compass, Proximity sensor, Ambient Light Sensor, Hall Sensor\r\n    Battery: 2110 mAh (Built-in)\r\n    Weight: 145 g\r\n    Dimensions: 148.2 x 72.8 x 10.34 mm\r\n    In the box: ASUS ZenFone 5, Stereo Headset, USB Cable, Power Adapter, Documentation				', 'ASUS ZenFone 5&#39;s stunning 5-inch HD IPS+ display provides wider viewing angles. Featuring the damage and scratch resistant Corning® Gorilla® Glass 3 screen with GloveTouch lets you easily use your device while wearing gloves.\r\n\r\nZenFone 5 is equipped with 2x2 Intel Atom multi-core processor powered by Intel Hyper-Threading Technology, you can easily handle multi-tasks and deliver an immersive gaming experience, with a longer battery life.				', 'asus-zenfone-5-a501cg-dual-sim.jpg', 174.99, 14),
	(41, 1, 3, 'ASUS ZenFone 6 Dual SIM', '    System: Android 4.3 (Jelly Bean)\r\n    Processor: 1.6 GHz / 2x2 / Intel® Atom™ Z2560\r\n    Memory: Internal: 32 GB / RAM: 2 GB / Slot type: microSD / Max. slot capacity: 64 GB\r\n    Display: 6&#34; / IPS / Resolution: 1280 x 720 pixels HD\r\n    Camera: 13 Mpixels / Flash: LED / Auto Focus, PixelMaster / Front: 2 Mpixels\r\n    Network: 3G: 850/900/1900/2100 MHz / GSM: 850/900/1800/1900 MHz\r\n    SIM type: micro-SIM (Dual SIM)\r\n    Wireless: Bluetooth: 4.0 / Wi-Fi: 802.11 b/g/n\r\n    Connection: Jack 3.5 mm / micro USB\r\n    GPS: aGPS\r\n    Sensors: G-sensor, Digital Compass, Gyroscope, Proximity sensor, Ambient Light Sensor, Hall Sensor\r\n    Battery: 3300 mAh (Built-in)\r\n    Weight: 196 g\r\n    Dimensions: 166.9 x 84.3 x 9.9 mm\r\n    In the box: ASUS ZenFone 6, Stereo Headset, USB Cable, Power Adapter, Documentation				', 'ASUS ZenFone 6&#39;s whopping 6-inch HD IPS+ display provides wider viewing angles. Featuring the damage and scratch resistant Corning® Gorilla® Glass 3 screen with GloveTouch lets you easily use your device while wearing gloves.\r\n\r\nZenFone 6 is equipped with 2x2 Intel Atom multi-core processor powered by Intel Hyper-Threading Technology, you can easily handle multi-tasks and deliver an immersive gaming experience, with a longer battery life.\r\n\r\nZenFone 6 also supports Dual SIM that is ideal for travellers, it lets you handle your personal life and work with ease.				', 'asus-zenfone-6-a601cg-dual-sim.jpg', 239.99, 17),
	(42, 2, 3, 'View Flip Cover for ASUS ZenFone 6', '\r\n    Protects your screen from any scratches, scrapes or dent. The inner cover of microfiber film provides your ZenFone display with a soft layer of protection.\r\n    Simply remove the existing back cover and snap on this replacement with a single click.\r\n    ASUS View Flip Cover provides you all important information while on-the-go, without having to open the case. You can view incoming calls, messages and note the time easily.\r\n    Automatically answer the call through the gap or by opening the case. \r\n				', 'Express your Attitude with colorful mobility\r\n\r\nDeveloped with the Zen philosophy in mind, ZenFone also knows what you need. The ZenFone family comes with a wide range of accessories, designed to protect your phone and improve your experience, perfectly combining style and durability. Tough but very tactile materials let the ZenFone accessories protect and perfectly accompany your device - you just choose your favorite style and color.\r\n\r\nThe View Flip Cover offers numerous improvements to give this accessory incomparable functions for enhanced interaction with your device. Just by closing the case and with a new viewing window, the most important information will always be reachable with a finger. 3 main pages accessible with infinite loop, the viewing window lets you check the time, the weather and more. 				', 'asus-view-flip-cover-for-asus-zenfone-6.jpg', 28.99, 12),
	(43, 1, 6, 'Lumia 635', '    System: Windows Phone 8.1\r\n    Processor: 1.2 GHz / Quad Core / Qualcomm Snapdragon 400\r\n    Memory: Internal: 8 GB / RAM: 512 MB / Slot type: microSD / Max. slot capacity: 128 GB\r\n    Display: 4.5&#34; / Resolution: 854 x 480 pixels / ClearBlack, IPS LCD / 221 ppi\r\n    Camera: 5 Mpixels / Auto focus / Video: 720p\r\n    SIM type: micro-SIM (Dual SIM)\r\n    Network: 3G: 900/2100 MHz / GSM: 850/900/1800/1900 MHz\r\n    Wireless: Bluetooth: 4.0 / Wi-Fi: IEEE 802.11 b/g/n\r\n    Connection: Jack 3.5 mm / micro USB\r\n    GPS: aGPS, A-GLONASS\r\n    Sensor: Accelerometer\r\n    Battery: 1830 mAh (Removable)\r\n    Battery life: Standby time: 25 days / Talk time (3G): 13.1h\r\n    Weight: 134 g\r\n    Dimensions: 129.5 x 66.7 x 9.2 mm\r\n    In the box: Nokia Lumia 630, Rechargeable battery BL-5H, Charger AC-20X, Quick start guide				', 'New smartphone boasting a beautiful, 4.5&#34; display and built with a quad core processor, the Lumia 630 moves at blazing fast speeds for a superior experience at an affordable price.\r\n\r\nShowcasing all of the newest and best features in Windows Phone, enjoy countless smartphone experiences and real-time syncing, seamlessly across all screens.\r\n\r\nPersonalise your Lumia 630 smartphone and make it colourfully yours. Easily swap shells and choose from a variety of vibrant colours to suit your mood and style.				', 'nokia-lumia-635.jpg', 99.99, 31),
	(44, 1, 6, 'Lumia 625', '    System: Windows Phone 8\r\n    Processor: 1.2 GHz / Dual Core / Qualcomm Snapdragon™ S4\r\n    Memory: Internal: 8 GB / RAM: 512 MB / Slot type: microSD / Max. slot capacity: 64 GB\r\n    Display: 4.7&#34; / IPS / Resolution: 800 x 480 pixels / 201 ppi\r\n    Camera: 5 Mpixels / Carl Zeiss optics, autofocus / Flash: LED / Video: 1080p full HD / Front: VGA\r\n    Camera features: Nokia Smart Camera, Nokia Cinemagraph\r\n    Network: 4G: LTE 800/1800/2600 MHz / 3G: 850/900/2100 MHz / GSM: 850/900/1800/1900 MHz\r\n    SIM card type: micro-SIM\r\n    Wireless: Bluetooth: 4.0 / Wifi: IEEE 802.11 b/g/n / DLNA\r\n    Connection: Jack 3.5 mm / micro USB\r\n    GPS: aGPS\r\n    Sensors: Accelerometer, Ambient Light Sensor, Proximity sensor\r\n    Battery: 2000 mAh (Built-in)\r\n    Battery life: Standby time: > 276 h / Talk time: > 15.2 h\r\n    Weight: 159 g\r\n    Dimensions: 133.2 x 72.2 x 9.2 mm				', 'The Nokia Lumia 625 delivers high-speed entertainment with a large 4.7-inch super-sensitive LCD screen and 4G Internet access.\r\n\r\nThe Nokia Lumia 625 also provides many innovations, including a range of integrated camera applications like Nokia Smart Camera, offering handy features like removing unwanted objects from pictures, and Nokia Cinemagraph, which turns photos into living memories with added movement.\r\n\r\nPowered by the latest version of Windows Phone 8 and including the Nokia Lumia Amber update, the Nokia Lumia 625 delivers a richer and easier to use smartphone experience at a competitive price. Live Tiles update direct to the home screen, and People Hub makes it easy to stay connected with friends and family. Windows Phone 8 also includes Xbox Live, Microsoft Office, and 7GB of online SkyDrive storage to simply make life easier.				', 'nokia-lumia-625-windows-phone-orange.jpg', 199.99, 22),
	(45, 1, 1, 'Desire 820', '    System: Android 4.4 KitKat®\r\n    Processor: 1.5 GHz / Octa Core / Qualcomm® Snapdragon™ 615\r\n    Memory: Internal: 16 GB / RAM: 2 GB / Slot type: microSD / Max. slot capacity: 128 GB\r\n    Display: 5.5&#34; / Resolution: 1280 x 720 pixels / 267 ppi\r\n    Camera: 13 Mpixels / Flash: LED / Front: 8 Mpixel / Video: 1080p\r\n    Network: 4G: LTE FDD 2100/1800/2600/1900 / LTE TDD 2600/1900/2300/2500 / 3G: 850/900/1900/2100 MHz / GSM: 850/900/1800/1900 MHz\r\n    nanoSIM\r\n    Wireless: Bluetooth: 4.0 + AptX / DLNA / Wifi: IEEE 802.11 a/b/g/n\r\n    Connection: Jack 3.5 mm / micro USB\r\n    GPS: AGPS & GLONASS\r\n    Sensors: Accelerometer, Digital Compass, Proximity sensor\r\n    Battery: 2600 mAh\r\n    Battery life: Standby time: > 424h / Talk time: > 22.4h\r\n    Weight: 155 g\r\n    Dimensions: 157.7 x 78.74 x 7.74 mm				', 'Powered by the Qualcomm Snapdragon 615 processor, with integrated 4G LTE Cat 4 connectivity and 64-bit, multi-core CPU, this new addition to the HTC Desire family delivers content on-the-go at exceptional speeds and with stunning clarity on its 5.5&#34; HD screen. Sporting a premium imaging experience and powerful HTC BoomSound, the colourful, stylish HTC Desire 820 sets a new benchmark for mid-range smartphones.\r\n\r\nFor high quality selfies, the HTC Desire 820 features an 8MP front-facing camera, delivering impressive solo poses and effortless group shots. 				', 'htc-desire-820.jpg', 319.99, 15),
	(46, 1, 1, 'HTC One (M8)', '    System: Android KitKat® with HTC Sense™ HTC BlinkFeed™\r\n    Processor: 2.3 GHz / Quad Core / Qualcomm® Snapdragon™ 801 / GPU: Adreno 330 578MHz\r\n    Memory: Internal: 16 GB / RAM: 2 GB / Slot type: microSD / Max. slot capacity: 128 GB\r\n    Display: 5.0&#34; / Super LCD 3 / Resolution: 1920 x 1080 pixels / 441 ppi\r\n    Camera: Flash: Dual LED / Front: 5 Mpixels / Video: 1080p @ 30fps / HTC UltraPixel Camera, BSI sensor, Pixel size 2.0 µm, Sensor size 1/3&#39;, F2.0 aperture and 28 mm lens\r\n    Network: 4G: LTE / 3G: 850/900/1900/2100 MHz / GSM: 850/900/1800/1900 MHz\r\n    nanoSIM\r\n    Wireless: Bluetooth: 4.0 + AptX / DLNA, IrDA, MHL, NFC / Wifi: IEEE 802.11 a/ac/b/g/n\r\n    Connection: Jack 3.5 mm / micro USB\r\n    GPS: AGPS & GLONASS\r\n    Sensors: Accelerometer, Ambient Light Sensor, Gyro sensor, Proximity sensor\r\n    Duo Camera, Studio-quality sound with HTC BoomSound™\r\n    Battery: 2630 mAh\r\n    Weight: 160 grams\r\n    Dimensions: 146.36 x 70.6 x 9.35 mm\r\n    In the box: AC Adapter, USB cable, Headset, Quick start guide				', 'The HTC One M8 smartphone is stylish and cool, the main body is crafted out of a smooth aluminium that holds the 5&#34; Full HD 1920 x 1080 screen snugly to the edge of the phone. Supported by the Qualcomm Snapdragon 801 processor with 2.5 GHz quad-core Krait CPUs, the M8 is one of the fastest and smartest smartphones on the market.\r\n\r\n\r\nA leap forward in smartphone imaging\r\nThe new HTC One M8 brings a totally different dimension to mobile imaging by providing a Duo Camera that features the innovative HTC UltraPixel module, allowing you to produce incredible images in all lighting conditions as well as rich, HD video. The Duo Camera boasts a depth sensor in addition to the main HTC UltraPixel module, capturing detailed depth of field info from a scene and enabling a range of beautiful and creative effects that allow you to do more with your images after you have taken them.				', 'htc-one-m8-amber-gold-unlocked-32gb.jpg', 489.99, 27),
	(47, 1, 10, 'GALAXY Note 4', '    System: Android 4.4 KitKat®\r\n    Processor: 1.9GHz Octa Core (1.9GHz Quad + 1.3GHz Quad Core)\r\n    Memory: Internal: 32 GB / RAM: 3 GB / Slot type: microSD / Max. slot capacity: 64 GB\r\n    Display: 5.7&#34; / Quad HD Super AMOLED / Resolution: 2560 x 1440 pixels / 515 ppi\r\n    Camera: 16 Mpixels / Flash: LED / Front: 3.7 Mpixels\r\n    Network: 4G: LTE 700/850/900/1800/1700/1900/2100/2600 MHz / 3G: 850/900/1900/2100 MHz / GSM: 850/900/1800/1900 MHz\r\n    Wireless: Bluetooth: 4.1 / IrDA, NFC / Wifi: WiFi 802.11 a/b/g/n/ac MIMO PCIe\r\n    Connection: Jack 3.5 mm / micro USB\r\n    GPS: AGPS & GLONASS\r\n    Sensors: Accelerometer, Barometer, Fingerprint sensor, Hall sensor, Proximity sensor\r\n    S Pen\r\n    Battery: 3220 mAh\r\n    Weight: 176 g\r\n    Dimensions: 153 x 78 x 8.5 mm				', 'The Samsung Galaxy Note 4 is the next generation of Notes delivering a slightly bigger version of the popular note taking phablet, with a much bigger performance. With innovative S Pen technology and a huge 5.7-inch Corning Gorilla Glass 3 Super AMOLED screen, donning an incredibly impressive 515ppi, the Note 4 offers the best possible viewing experience and the most powerful multitasking tools that make everyday life easier and faster.\r\n\r\nThe Galaxy Note 4 boasts a powerful processor and 3GB of RAM. This ensures that the Note 4 delivers a device performance unmatched by the rest of the market.				', 'samsung-galaxy-note4-n910h.jpg', 649.99, 28),
	(48, 1, 10, 'GALAXY S5 SM', '    System: Android 4.4 KitKat®\r\n    Processor: 2.5 GHz / Quad Core / Qualcomm MSM8974AC Snapdragon 801 / GPU: Adreno 330\r\n    Memory: Internal: 16 GB / RAM: 2 GB / Slot type: microSD / Max. slot capacity: 128 GB\r\n    Display: 5.1&#34; / Super AMOLED / Resolution: 1920 x 1080 pixels / 432 ppi\r\n    Camera: 16 Mpixels / Flash: LED / Front: 2 Mpixels / Video: 4K / HDR , Selective Focus\r\n    Network: 4G: 800/850/900/1800/1900/2100/2600 MHz / 3G: 850/900/1900/2100 MHz / GSM: 850/900/1800/1900 MHz\r\n    microSIM\r\n    Wireless: Bluetooth: 4.0 / IrDA, NFC / Wifi: 802.11 a/b/g/n/ac\r\n    Connection: Jack 3.5 mm / microUSB v3.0\r\n    GPS: AGPS & GLONASS\r\n    Sensors: Accelerometer, Ambient Light Sensor, Barometer, Digital Compass, Gesture, Gyroscope, Hall sensor, Proximity sensor\r\n    Finger Scanner, Heart rate sensor\r\n    Battery: 2800 mAh\r\n    Weight: 145 grams\r\n    Dimensions: 142 x 72.5 x 8.1 mm\r\n    In the box: USB cable, Headset, Battery				', 'Samsung proves it&#39;s mastery at creating high end smartphones once again, with the launch of its latest device.\r\n\r\nBeneath its Full HD AMOLED screen (measuring 5.1 inches), the new Galaxy S5 houses a speedy Qualcomm Snapdragon 800 processor, clocked at 2.5 GHz, making short work of onerous and otherwise slow tasks, applications and 3D games.\r\n\r\nIn terms of speed, data transfer rates are also blazing fast, with the introduction of Wi-Fi MIMO (Multiple-Input Multiple-Output) 2x2, the 5th generation Wi-Fi standard; 802.11ac and not to forget LTE category 4 frequency support. In parallel, the Galaxy S5 allows simultaneous downloads on 4G Data and Wi-Fi connections, giving you the fastest download speeds wherever you are. 				', 'samsung-galaxy-s5.jpg', 499.99, 19),
	(49, 1, 10, 'Galaxy S5 Mini', '    Multi-SIM: Single-SIM\r\n    SIM size: Micro-SIM (3FF)\r\n    Infra: 2G GSM, 3G WCDMA, 4G LTE FDD\r\n    2G GSM: DCS1800, PCS1900, GSM850, GSM900\r\n    3G UMTS: B5(850), B2(1900), B8(900), B1(2100)\r\n    4G FDD LTE: B5(850), B7(2600), B8(900), B20(800), B3(1800), B1(2100)\r\n    ANT+: No\r\n    USB Version: USB 2.0\r\n    Location Technology: Glonass, GPS\r\n    Earjack: 3.5mm Stereo\r\n    MHL: No\r\n    Wi-Fi: 802.11 a/b/g/n 2.4+5GHz, HT40\r\n    Wi-Fi Direct: Yes\r\n    DLNA Support: No\r\n    Bluetooth Version: Bluetooth v4.0\r\n    NFC: Yes\r\n    Bluetooth Profiles: HSP, OPP, SAP, A2DP, PBAP, HFP, AVRCP, DI, HID, HOGP, PAN, MAP\r\n    PC Sync.: KIES\r\n    CPU Speed: 1.4GHz\r\n    CPU Type: Quad-Core\r\n    RAM Size (GB): 1.5GB\r\n    External Memory Support: MicroSD (Up to 64GB)				', 'Compact design\r\nSuper slim at 9.1 mm, the GALAXY S5 mini offers much of the technology of the GALAXY S5 in a conveniently compact design. Enjoy unsurpassed performance with its compact size that makes one-handed use comfortable.\r\n\r\nDust and Water resistant\r\nWith an IP67 certification, the GALAXY S5 mini is resistant to sweat, rain, liquids, sand and dust. So feel free to use your phone in practically any situation.\r\n\r\nUltra Power Saving\r\nDon’t worry about missing important calls any more when your battery is low! Ultra Power Saving Mode changes your screen to black and white and shuts down unnecessary features to dramatically minimise battery use. 				', 'samsung_galaxy_s5_mini_hashslush0.jpg', 339.99, 23),
	(50, 1, 2, 'S660', 'Brand	Lenovo\r\nModel	S660\r\nModel Name	S660\r\nItem Weight	150 g\r\nProduct Dimensions	13.7 x 1 x 6.9 cm\r\nItem model number	S660\r\nMemory Storage Capacity	8 GB\r\nOperating System	Android\r\nAdditional Features	Music Player, Video Player, Dual SIM, E-mail\r\nIncluded Components	Handset, Battery, Charger, Data Cable and User Guide\r\nScreen Size	11.93 Centimeters\r\nMax Resolution	8 Megapixels\r\nBatteries Included	Yes\r\nBatteries Required	Yes\r\nBattery Cell Composition	Lithium Ion\r\nConnector Type	GSM, (850/900/1800/1900 MHz), UMTS, 3G, (2100 MHz), GPRS, EDGE, WiFi\r\nDevice interface - primary	Touch Screen\r\nForm Factor	Touchscreen Phone\r\nIncludes AC Adapter	Yes				', 'Powerful Processor and Long Battery Life\r\n\r\nFeaturing a powerful 1.3GHz Quad Core processor that is backed by high-speed 1GB RAM, the Lenovo S660 Titanium smartphone will impress you with its performance. It runs on Android 4.2 Jelly Bean operating system that brings to you a multitude of user-friendly built-in applications. Equipped with a 3000mAh battery, this Lenovo Android phone will keep going for long hours on a just a single charge. It offers talk time of 36 hours on 2G, 20 hours on 3G and a standby time of 35 days.				', 'LenovoS660.jpg', 99.99, 21);
/*!40000 ALTER TABLE `catalog` ENABLE KEYS */;


-- Dumping structure for table laravel5_cart.categories
CREATE TABLE IF NOT EXISTS `categories` (
  `id` int(11) NOT NULL AUTO_INCREMENT,
  `category` varchar(255) COLLATE utf8_unicode_ci NOT NULL,
  PRIMARY KEY (`id`)
) ENGINE=InnoDB AUTO_INCREMENT=5 DEFAULT CHARSET=utf8 COLLATE=utf8_unicode_ci;

-- Dumping data for table laravel5_cart.categories: ~3 rows (approximately)
/*!40000 ALTER TABLE `categories` DISABLE KEYS */;
INSERT INTO `categories` (`id`, `category`) VALUES
	(1, 'smartphones'),
	(2, 'accessories'),
	(4, 'newcategory');
/*!40000 ALTER TABLE `categories` ENABLE KEYS */;


-- Dumping structure for table laravel5_cart.items
CREATE TABLE IF NOT EXISTS `items` (
  `id` int(11) NOT NULL AUTO_INCREMENT,
  `category_id` int(11) NOT NULL,
  `brand_id` int(11) NOT NULL,
  `model` varchar(255) NOT NULL,
  `characteristics` text NOT NULL,
  `description` text NOT NULL,
  `price` float NOT NULL,
  `instock` int(11) NOT NULL,
  `created_at` datetime DEFAULT NULL,
  `updated_at` datetime DEFAULT NULL,
  `photo` text,
  PRIMARY KEY (`id`)
) ENGINE=InnoDB AUTO_INCREMENT=52 DEFAULT CHARSET=utf8;

-- Dumping data for table laravel5_cart.items: ~41 rows (approximately)
/*!40000 ALTER TABLE `items` DISABLE KEYS */;
INSERT INTO `items` (`id`, `category_id`, `brand_id`, `model`, `characteristics`, `description`, `price`, `instock`, `created_at`, `updated_at`, `photo`) VALUES
	(4, 1, 6, 'Lumia 930', '    System: Windows Phone 8.1\r\n    Processor: 2.2 GHz / Quad Core / Qualcomm Snapdragon™ 800\r\n    Memory: Internal: 32 GB / RAM: 2 GB\r\n    Display: 5.0&#34; / ClearBlack, OLED / Resolution: 1920 x 1080 pixels / 441 ppi\r\n    Camera: 20 Mpixels / Flash: Dual LED / Front: 1.2 Mpixels / Video: 1080p full HD / 6-lens optics, Backside-illuminated image sensor, High resolution zoom 2x, Optical image stabilization, PureView\r\n    Network: 4G: LTE / 3G: 850/900/1900/2100 MHz / GSM: 850/900/1800/1900 MHz\r\n    nanoSIM\r\n    Wireless: Bluetooth: 4.0 / NFC, Qi Wireless charging / Wifi: IEEE 802.11 a/ac/b/g/n\r\n    Connection: Jack 3.5 mm / micro USB\r\n    GPS: AGPS & GLONASS\r\n    Sensors: Accelerometer, Ambient Light Sensor, Gyroscope, Magnetometer, Proximity sensor\r\n    Battery: 2430 mAh\r\n    Weight: 167 grams\r\n    Dimensions: 137 x 71 x 9.8 mm 				', 'ONE WINDOWS EXPERIENCE\r\nThe Nokie Lumia 930 comes with the latest Windows Phone experience, so the things that matter most are always with you whether you&#39;re on your smartphone, Xbox or PC. Exclusive LiveTiles keep you up to speed with what&#39;s happening in your world, while new features like customisable background images for your home screen make Windows Phone 8.1 more personal than ever.\r\n\r\nA FORMIDABLE CAMERA, OR COURSE\r\nWith a 20MP PureView Camera and four directional microphones with Surround-Sound, you can capture High-quality photos and immersive video with sound that&#39;s more true-to-life than ever before. Use the Nokia Camera app to take full creative control of your photos, then unleash your creations upon the world through Nokia Storyteller, Instagram and your favorite social networks.				', 399.99, 30, '0000-00-00 00:00:00', NULL, 'nokia-lumia-930.jpg'),
	(6, 1, 6, 'Lumia 1320', '    System: Windows Phone 8.1\r\n    Processor: 1.7 GHz / Dual Core / Qualcomm Snapdragon™ S4\r\n    Memory: Internal: 8 GB / RAM: 1 GB / Slot type: microSD / Max. slot capacity: 64 GB\r\n    Display: 6.0&#34; / IPS LCD / Resolution: 1280 x 720 pixels / 245 ppi\r\n    Camera: 5 Mpixels / Flash: LED / Front: VGA / Video: 1080p / Auto focus with two-stage capture key\r\n    Network: 4G: LTE / 3G: 850/900/1800/1900 MHz / GSM: 850/900/1800/1900 MHz\r\n    microSIM\r\n    Wireless: Bluetooth: 4.0 / Wifi: IEEE 802.11 b/g/n\r\n    Connection: Jack 3.5 mm / micro USB\r\n    GPS: aGPS\r\n    Sensors: Accelerometer, Ambient Light Sensor, Compass, Proximity sensor\r\n    Battery: 3400 mAh\r\n    Battery life: Standby time: > 28 days / Talk time: > 21h\r\n    Weight: 220 grams\r\n    Dimensions: 164.2 x 85.9 x 9.8 mm\r\n    In the box: AC Adapter, USB cable, Headset, Quick start guide				', 'Make An Impact\r\nWith a 6&#34; display and bright, colourful design that really stands out from the crowd, the Nokia Lumia 1320 makes a statement in any situation.\r\n\r\nGo Big\r\nMore screen space means more room for the things you love. Enjoy a wider perspective in your favourite games, videos or apps like HERE LiveSight. It all looks beautiful on the big 6&#34; screen.\r\n\r\nAdd Magic to Your Photos\r\nDownload Nokia Camera to capture great photos and then use the Smart mode to create a sequence of motion, add motion blur effects and more. Or create some magic with innovative photo editing tools like Creative Studio and Cinemagraph. 				', 221.99, 31, '0000-00-00 00:00:00', NULL, 'nokia-lumia-1320.jpg'),
	(7, 1, 6, 'Lumia 830', '    System: Windows Phone 8.1\r\n    Processor: 1.2 GHz / Quad Core / Qualcomm Snapdragon 400 / GPU: Adreno 305\r\n    Memory: Internal: 16 GB / RAM: 1 GB / Slot type: microSD / Max. slot capacity: 128 GB\r\n    Display: 5.0&#34; / ClearBlack, IPS LCD / Resolution: 1280 x 720 pixels / 294 ppi\r\n    Camera: 10 Mpixels / Flash: LED / Front: 0.9Mpixel / Video: 1080p\r\n    Network: 4G: LTE / 3G: 850/900/1900/2100 MHz / GSM: 850/900/1800/1900 MHz\r\n    nanoSIM\r\n    Wireless: Bluetooth: 4.0 / NFC / Wifi: IEEE 802.11 a/b/g/n\r\n    Connection: Jack 3.5 mm / micro USB\r\n    GPS: AGPS & GLONASS\r\n    Sensors: Accelerometer, Ambient Light Sensor, Gyroscope, Magnetometer, Proximity sensor\r\n    Battery: 2220 mAh\r\n    Weight: 150 grams\r\n    Dimensions: 139.4 x 70.7 x 8.5 mm				', 'In sync with your lifestyle\r\nThe Lumia 830 is built for life on the move. Take amazing pictures with the PureView camera, sync your digital life with OneDrive and share special moments on your favourite social network – it’s the perfect phone for people that enjoy being connected.\r\n\r\nCapture the feeling\r\nThe Lumia 830 has a 10 MP PureView camera with OIS and Zeiss optics – at home or at a concert, it takes great pictures. And with 3 mic Rich Recording, it’s easier than ever to shoot high quality videos with excellent sound. Document life as it happens.\r\n\r\nYour life is connected\r\nSync the Lumia 830 with OneDrive and everything is at your fingertips – photos, videos and documents are in sync and on your phone. From last night’s pictures to an important Microsoft Office document, the Nokia Lumia 830 keeps you connected to what matters.\r\n				', 299.99, 23, '0000-00-00 00:00:00', NULL, 'nokia-lumia-830-smartphone.jpg'),
	(8, 1, 6, 'Lumia 535DS', '    System: Windows Phone 8.1\r\n    Processor: 1.2 GHz / Quad Core / Qualcomm Snapdragon™ 200\r\n    Memory: Internal: 8 GB / RAM: 1 GB\r\n    Display: 5.0&#34; / IPS LCD / Resolution: qHD 960 x 540 pixels / 220 ppi\r\n    Camera: 5 Mpixels / Flash: LED / Video: FWVGA 848 x 480 / Front: 5 Mpixels\r\n    Network: SIM 1 - 3G: 900/2100 MHz / GSM: 850/900/1800/1900 MHz / SIM 2 - GSM: 850/900/1800/1900 MHz\r\n    SIM type: Micro SIM\r\n    Wireless: Bluetooth: 4.0 / Wi-Fi: IEEE 802.11 b/g/n\r\n    Connection: Jack 3.5 mm / micro USB\r\n    GPS: AGPS & GLONASS\r\n    Sensors: Accelerometer, Ambient Light Sensor, Proximity sensor\r\n    Battery: 1905 mAh\r\n    Battery life: Standby time: > 23 days / Talk time: > 11 h\r\n    Weight: 146 g\r\n    Dimensions: 140.2 x 72.45 x 8.80 mm				', 'Always the latest Windows Phone experience The Lumia 535 comes with the latest version of Windows Phone. And with regular over-the-air updates, you’ll always have the newest software. In class or at work? With Microsoft Office built in, and quick access to your files through OneDrive, viewing and editing your documents is easy. And you get 15 GB of free OneDrive storage – upload your photos and share them with friends in a private folder. A bigger selfie experience Let your surroundings do the talking. Take stunning selfies and fit more friends into the picture with the wide-angle, 5 MP front-facing camera. And coming with the popular Lumia Selfie app installed for easy access to the front-facing camera, enhance your selfies with filters and easily share with friends from the app to OneDrive, Instagram, Twitter and more. Video calling with Skype Skype calls look fantastic on the Lumia 535. Want to turn a regular phone call into a high-quality video call? No problem. Just tap the Skype video call button.				', 129.99, 25, '0000-00-00 00:00:00', NULL, 'microsoft-lumia-535ds-smartphone.jpg'),
	(9, 1, 6, 'Lumia 1520', '    System: Windows Phone 8\r\n    Processor: 2.2 GHz / Quad Core / Qualcomm Snapdragon 800\r\n    Memory: Internal: 32 GB / RAM: 2 GB / Slot type: microSD / Max. slot capacity: 64 GB\r\n    Display: 6.0&#34; / LCD / Resolution: 1920 x 1080 pixels / 368 ppi\r\n    Camera: 20 Mpixels / PureView, Auto Focus ZEISS optics with Optical Image Stabilization / Flash: Dual LED / Video: 1080p full HD / Front: 1.2 Mpixels\r\n    Network: LTE: 800/900/1800/2100/2600 | 3G: 850/900/1900/2100 MHz | GSM: 850/900/1800/1900 MHz\r\n    SIM Type: micro-SIM\r\n    Wireless: Bluetooth: 4.0 / WiFi: IEEE 802.11 a/ac/b/g/n / NFC\r\n    Connection: Jack 3.5 mm / micro USB\r\n    GPS: AGPS & GLONASS\r\n    Sensors: Accelerometer, Ambient Light Sensor, Gyroscope, Magnetometer, Proximity sensor\r\n    built-in wireless charging (Qi compatible)\r\n    Battery: 3400 mAh\r\n    Battery life: Talk time: > 13 h\r\n    Weight: 209 g\r\n    Dimensions: 162.8 x 85.4 x 8.7 mm				', 'Get more done, faster\r\nCreate. Work. Play. The large display makes it easier to do all three. The Nokia Lumia 1520 lets you:\r\n\r\n    View more of everything on the 6” HD 1080p display.\r\n    Capture amazing photos with the 20MP camera even\r\n    in low-light conditions.\r\n    View and edit Microsoft Office documents while on\r\n    the go.\r\n    Keep browsing even longer with a 3400 mAh battery.\r\n    Entertain yourself with Hulu Plus, Mobile TV, Xbox Games, Zinio, and more.\r\n    Download your favorite apps from the Windows Store\r\n\r\nLook sharp\r\nThe Nokia Lumia 1520 offers a large 6” HD 1080p display and crisp picture with Super Sensitive touch capabilities that let you type using your fingernails or while wearing gloves. Plus, Nokia Glance Screen shows time and phone settings even when the phone is locked and asleep. 				', 459.99, 19, '0000-00-00 00:00:00', NULL, 'Nokia Lumia 1520.jpg'),
	(10, 1, 6, 'Lumia 735', '    System: Windows Phone 8.1\n    Processor: 1.2 GHz / Quad Core / Qualcomm Snapdragon\n    Memory: Internal: 8 GB / RAM: 1 GB / Slot type: microSD / Max. slot capacity: 128 GB\n    Display: 4.7&#34; / ClearBlack, OLED / Resolution: 1280 x 720 pixels / 312 ppi\n    Camera: 6.7 Mpixels / Flash: LED / Front: 5 Mpixels / Video: 1080p / ZEISS optics\n    Network: 4G: LTE / 3G: 850/900/1900/2100 MHz / GSM: 850/900/1800/1900 MHz\n    Wireless: Bluetooth: 4.0 / NFC / Wifi: IEEE 802.11 b/g/n\n    Connection: Jack 3.5 mm / micro USB\n    GPS: AGPS & GLONASS\n    HERE Maps, HERE Transit\n    Battery: 2220 mAh\n    Battery life: Standby time: > 25 days / Talk time: > 17h\n    Weight: 130.4 g\n    Dimensions: 134.7 x 68.5 x 8.9 mm				', 'Share your life. Uncropped.\r\nIntroducing the smartphone built for selfies and Skype. Fit more in your shots than ever before with the wide angle, 5 MP, front-facing camera on the Lumia 735. It&#39;s never been easier to capture more of what’s going on behind you – more friends in your group selfies and more family in your free video Skype calls.\r\n\r\nLatest and greatest Windows Phone experience\r\nGet more personal than ever on the Lumia 735 with Windows Phone 8.1. Exclusive to Windows Phone, Live Tiles keep you in the know of what&#39;s important in your world. Use the Action Center to see all of your notifications in a single place. And personalize your home screen&#39;s background image and watch your customizable Live Tiles come to life in a whole new way. 				', 289.99, 24, '0000-00-00 00:00:00', NULL, 'nokia-lumia-735-windows-smartphone-rm-1039.jpg'),
	(12, 1, 6, 'Lumia 520', 'System: Windows Phone 8.1\r\nProcessor: 1 GHz / Dual Core / Snapdragon™ S4\r\nMemory: Internal: 8 GB / RAM: 512 MB / Slot type: microSD / Max. slot capacity: 64 GB\r\nDisplay: 4.0&#34; / IPS / Resolution: 800 x 480 pixels / 235 ppi\r\nCamera: 5 Mpixels / Video: 720p / Auto focus, aperture f/2.4, 28 mm focal length\r\nNetwork: 3G: 900/2100 MHz / GSM: 850/900/1800/1900 MHz\r\nmicroSIM\r\nWireless: Bluetooth: 3.0 / Wifi: IEEE 802.11 b/g/n\r\nConnection: Jack 3.5 mm / micro USB\r\nGPS: aGPS\r\nSensors: Accelerometer				', 'As an entry level Windows Phone 8 device, the Nokia Lumia 520 delivers the quality of WP8 operating system and the design of its high end Lumia siblings in a budget friendly package.\r\n\r\nSporting a 1 GHz dual-core Snapdragon CPU and a 4-inch WVGA IPS LCD display with 2D hardened glass for extra protection and super sensitive touch for glove use, the Lumia 800 is the perfect smartphone for first time buyers who are looking for a fun, bright phone that combines Nokia’s popular services such as Here Maps and Nokia Music with Windows Phone’s intuitive operating system. The 5MP rear camera features the same digital lenses such as Cinemagraph and Panorama found on Nokia’s flagship smartphone, the Nokia Lumia 920. The camera is further capable of 720p HD video shooting with up 30fps.\r\n\r\nThe Lumia 520 also includes 8GB of onboard storage and 512 MB of RAM as well as a microSD slot that allows up to 64GB of extended storage. 				', 89.99, 10, '0000-00-00 00:00:00', NULL, 'nokia-lumia-520.jpg'),
	(13, 1, 6, 'Lumia 530', '    System: Windows Phone 8.1\r\n    Processor: 1.2 GHz / Quad Core / Qualcomm Snapdragon 200\r\n    Memory: Internal: 4 GB / RAM: 512 MB / Slot type: microSD / Max. slot capacity: 128 GB\r\n    Display: 4.0&#34; / LCD / Resolution: 854 x 480 pixels / 246 ppi\r\n    Camera: 5 Mpixels\r\n    Network: 3G: 900/2100 MHz / GSM: 850/900/1800/1900 MHz\r\n    Wireless: Bluetooth: 4.0 / Wifi: IEEE 802.11 b/g/n\r\n    Connection: Jack 3.5 mm / micro USB\r\n    GPS: AGPS & GLONASS\r\n    Sensors: Accelerometer\r\n    Battery: 1430 mAh\r\n    Battery life: Standby time: > 22 days / Talk time: > 10h\r\n    Weight: 129 g\r\n    Dimensions: 119.7 x 62.3 x 11.7 mm				', 'Right out of the box the Lumia 530 delivers the most personal smartphone experience, thanks to Windows Phone 8.1.\r\n\r\nGreat features, such as Action Center, Word Flow and personalised Start screen backgrounds are now available to everybody – no matter your budget.\r\n\r\nAt the heart, the Lumia 530 is powered by a 1.2GHz quad-core Qualcomm Snapdragon processor that delivers a super fast and lag-free user experience of your favourite apps, gaming and internet browsing on the 4-inch LCD display.				', 89.99, 14, '0000-00-00 00:00:00', NULL, 'nokia-lumia-530.jpg'),
	(14, 1, 6, 'Lumia 925', '    System: Windows Phone 8.1\r\n    Processor: 1.5 GHz / Dual Core / Qualcomm Snapdragon\r\n    Memory: Internal: 16 GB / RAM: 1 GB\r\n    Display: 4.5&#34; / IPS PureMotion HD+ display / Resolution: 1280 x 768 pixels / 334 ppi\r\n    Camera: 8.7 Mpixels / Flash: Dual LED / Front: 1.2 Mpixels / Video: 1080p full HD / PureView, Optical Image Stabilization (OIS), Autofocus\r\n    Network: 4G: LTE 800/900/1800/2100/2600 MHz / 3G: 850/900/1900/2100 MHz / GSM: 850/900/1800/1900 MHz\r\n    microSIM\r\n    Wireless: Bluetooth: 3.0 / NFC / Wifi: IEEE 802.11 a/b/g/n\r\n    Connection: Jack 3.5 mm / micro USB\r\n    GPS: AGPS & GLONASS\r\n    Sensors: Accelerometer, Ambient Light Sensor, Gyroscope, Magnetometer, Proximity sensor\r\n    Battery: 2140 mAh\r\n    Battery life: Standby time: > 440 h / Talk time: > 12.8 h\r\n    Weight: 139 grams\r\n    Dimensions: 129 x 70.6 x 8.5 mm				', 'The Nokia Lumia 925 features a stunning metal design, the latest PureView camera lens innovations, and impressive third party applications, all completed with an unparallel Windows Phone 8 mobile experience.\r\n\r\nNokia Lumia&#39;s 925 beautiful aluminum frame design gives the device an aura of elegance and robustness, but it has also caused its weight to drop dramatically from its predecessor, the Lumia 920. Now measuring in at only 8.8 mm thick and weighing in at only 139 g but still incorporating the same powerful 2000 mAh battery, the Lumia 925 brings a whole new meaning to redesign and portability.				', 299.99, 21, '0000-00-00 00:00:00', NULL, 'nokia-lumia-925-grey-16gb.jpg'),
	(16, 1, 1, 'Desire 816', '    System: Android 4.4 KitKat®\r\n    Processor: 1.6 GHz / Quad Core / Qualcomm® Snapdragon™ 400 Cortex-A7 / GPU: Adreno 305\r\n    Memory: Internal: 8 GB / RAM: 1.5 GB / Slot type: microSD / Max. slot capacity: 128 GB\r\n    Display: 5.5&#34; / S-LCD / Resolution: 1280 x 720 pixels / 267 ppi\r\n    Camera: 13 Mpixels / Flash: LED / Front: 5 Mpixels / Video: 1080p full HD\r\n    Network: 4G: LTE / 3G: 850/900/1800/1900 MHz / GSM: 850/900/1800/1900 MHz\r\n    nanoSIM\r\n    Wireless: Bluetooth: 4.0+A2DP / Wifi: IEEE 802.11 b/g/n\r\n    Connection: Jack 3.5 mm / micro USB\r\n    GPS: AGPS & GLONASS\r\n    Sensors: Accelerometer, Digital Compass, Proximity sensor\r\n    Battery: 2630 mAh\r\n    Weight: 165 grams\r\n    Dimensions: 156.6 x 78.7 x 7.99 mm\r\n    In the box: AC Adapter, USB cable, Headset, Quick start guide				', 'The Desire 816 adopts the iconic design of the award-winning HTC One, applying exciting colours and premium materials to give the Desire family their own distinctive flavor.\r\n\r\nBut it has more than just pretty looks — the Desire 816 comes equipped with dual-frontal speakers and HTC BoomSound that boosts audio performance with the full sound you&#39;ve grown to love on the HTC One.\r\n\r\nThis is the ideal phone for photography lovers – whether you want to take the perfect selfie or capture a stunning view, the Desire 816 allows you to enhance your images and edit your video clips before sharing them or by simply reliving the moment on the large high-resolution screen. It comes with a whopping 5MP front-facing camera, a 13MP rear-facing camera, and Video Highlights.				', 269.99, 42, '0000-00-00 00:00:00', NULL, 'htc-desire-816.jpg'),
	(17, 1, 1, 'Desire 616 Dual SIM', '    System: Android 4.2 Jelly Bean\r\n    Processor: 1.4 GHz / Octa Core\r\n    Memory: Internal: 4 GB / RAM: 1 GB / Slot type: microSD / Max. slot capacity: 32 GB\r\n    Display: 5&#34; / HD 720 / Resolution: 2560 x 1440 pixels / 538 ppi\r\n    Camera: 8 Mpixels / Flash: LED / Video: 1080p / Front: 2 Mpixels, Video: 720p\r\n    SIM type: Dual SIM: mini-SIM (SIM 1), micro-SIM (SIM 2)\r\n    Network: 3G: 900/2100 MHz (SIM 1) / GSM: 850/900/1800/1900 MHz (SIM 1 & 2)\r\n    Wireless: Bluetooth: 4.0 / Wi-Fi: 802.11 b/g/n\r\n    Connection: Jack 3.5 mm / micro USB\r\n    GPS: Internal GPS antenna\r\n    Sensors: Accelerometer, Proximity sensor, Ambient light sensor\r\n    Battery: 2000 mAh (Removable)\r\n    Weight: 150 g\r\n    Dimensions: 142 x 71.9 x 9.15 mm\r\n    In the box: HTC Desire 616, Battery, Stereo Headset, USB cable, HTC AC Adapter TC P800, Documentation				', 'The HTC Desire 616 dual sim is the ideal phone for multi tasking, featuring Octa-core powerful processor for accelerated use, that can keep up with the busiest lifestyle. Driven to perform and toggle between apps, loading web pages in a flash.\r\n\r\nThe Desire 616 allows you to enjoy stunning videos, through its generous 5&#34; screen and 1080p full HD video playback feature, which pulls together your own photos and videos with effects that you can select. It comes with a whopping 8 MP camera with auto focus and 2MP front-facing camera.\r\n\r\nAnd we can&#34;t forget about your favourite social networks, news sources, sport sites and entertainment feeds that are fully personalised through the HTC BlinkFeed which shows your latest streams. There is also the offline reading features that saves content to read later, without adding up to your Wi-Fi data usage. 				', 199.99, 29, '0000-00-00 00:00:00', NULL, 'htc-desire-616-dual-sim.jpg'),
	(19, 1, 1, 'Desire EYE', '    System: Android 4.4.2 KitKat®\r\n    Processor: 2.3 GHz / Quad Core / Qualcomm® Snapdragon 801 / GPU: Adreno 330\r\n    Memory: Internal: 16 GB / RAM: 2 GB / Slot type: microSD / Max. slot capacity: 128 GB\r\n    Display: 5.2&#34; / Resolution: 1920 x 1080 pixels / 423 ppi\r\n    Camera: 13 Mpixels / Flash: Dual LED / Front: 13 Mpixels / Video: 1080p @ 30fps\r\n    Network: 4G: FDD LTE 700/900/1800/2100/2600 / LTE TDD 2300/2600/1900/2500 / 3G: 850/900/2100 MHz / GSM: 850/900/1800/1900 MHz\r\n    nanoSIM\r\n    Wireless: Bluetooth: 4.0+A2DP / DLNA, NFC / Wifi: IEEE 802.11 a/b/g/n\r\n    Connection: Jack 3.5 mm / micro USB\r\n    GPS: GPS/AGPS + GLONASS\r\n    Sensors: Accelerometer, Compass, Gyro sensor, Proximity sensor\r\n    IPX7 certification\r\n    Battery: 2400 mAh\r\n    Weight: 154 g\r\n    Dimensions: 151.7 x 73.8 x 8.5 mm\r\n    In the box: AC Adapter, USB cable, Headset, Quick start guide				', 'Featuring a fantastic front-facing camera and a software that puts you at the center and looking your best, the HTC Desire EYE is the phone for capturing big and small moments in perfect clarity.\r\n\r\nSporting market-leading 13MP front and rear cameras for detailed image quality that allows you to zoom, crop and print without compromise, the HTC Desire EYE is fully equipped for those who love to take great photos, videos and selfies.\r\nBSI sensors capture crisp photos, even in low-light conditions, and intelligent dual-LED flash on both cameras provides flattering, natural tones when ambient light levels drop further.\r\n\r\nFeaturing HTC&#39;s new EYE Experience and Zoe, with a Qualcomm® Snapdragon 801 processor and high-speed 4G connectivity, editing and sharing your best shots will also be smooth and effortless, wherever you are.				', 199.99, 33, '0000-00-00 00:00:00', NULL, 'htc-desire-eye.jpg'),
	(20, 1, 1, 'Desire 210', '    Size: 125.7 x 65 x 10.5 mm\r\n    Weight: 130 g\r\n    Display: 4.0 inch, WVGA\r\n    CPU Speed: 1.0 GHz dual-core CPUs\r\n    Platform Android: Android™ 4.2 - HTC BlinkFeed™\r\n    SIM Card Type: Dual SIM (Micro SIM & Normal SIM)\r\n    Network: SIM 1: Up to HSPA+ (900/2100 MHz)\r\n    Network: SIM 2: Up to EDGE (900/1800/1900 MHz)\r\n    Memory: Total storage: 4 GB, available capacity varies\r\n    RAM: 512 MB - Expansion card slot supports microSDTM memory card for up to 32GB additional storage (card not included)\r\n    GPS: Internal GPS antenna\r\n    Sensors: Accelerometer\r\n    Connectivity: 3.5 mm stereo audio jack | Bluetooth® 4.0 | Wi-Fi®: IEEE 802.11 b/g/n\r\n    Camera: 5 MP camera | Front Camera: VGA | Video Highlights\r\n    Audio supported formats: Playback: .wav, .mp3, .xmf, .amr, aac .wma (Windows Media Audio 9 | Recording: .amr, .aac\r\n    Video Playback: .mp4, .wmv(Windows Media Video 9), H.263, H.264, | Recording: .mp4, H.263, H.264,\r\n    Battery Capacity: 1300 mAh\r\n    Talk Time: Up to 9 hours for 3G\r\n    Standby time: Up to 260 hours for 3G\r\n    AC Adaptor: Voltage range/frequency: 100 ~ 240 V AC, 50/60 Hz | DC output: 5 V and 1 A				', 'Solid performance at an affordable price: with a high-quality 4” screen and dual-core processor, the Desire 210 keeps you updated with home screen feeds and includes a 720p video recorder. Combine your photos into mini movies with music and effects.\r\n\r\nDRIVEN TO PERFORM\r\nPowerful processor for accelerated use. Toggle between several apps for snappy multitasking, load web pages in a flash, and enjoy high-quality gaming with smooth graphic display. Enjoy stunning videos, imaging performance, and connectivity at blistering speeds.\r\n\r\nYOUR HOME SCREEN YOUR WAY\r\nCustomize your home screen: select your favorite social networks, news sources, sports sites, and entertainment feeds. Your personalized HTC BlinkFeed gives you the latest streams. Plus, offline reading features allows you to save content you want ot read later, without maxing out your wi-fi data usage. With HTC BlinkFeed, you’ll get everything directly on your home screen, every time you refresh your phone. 				', 94.99, 23, '0000-00-00 00:00:00', NULL, 'htc-desire-210-smartphon.jpg'),
	(21, 1, 1, 'Butterfly 2', '    System: Android 4.4 KitKat®\r\n    Processor: 2.5 GHz / Quad Core / Qualcomm Snapdragon 801\r\n    Memory: Internal: 16 GB / RAM: 2 GB / Slot type: microSD / Max.slot capacity: 128 GB\r\n    Display: 5&#34; / Full HD 1080p\r\n    Camera: 13 Mpixels / BSI sensor, f/2.2 / Video: 1080p / Front: 5 Mpixels\r\n    Network: 4G: LTE FDD - Band 1/3/7/8/28, TDD - Band 38/40/41 / 3G: 850/900/2100 MHz / GSM: 850/900/1800/1900 MHz\r\n    SIM type: nano-SIM\r\n    Wireless: Bluetooth: 4.0 / Wi-Fi: 802.11 a/c / DLNA, NFC\r\n    Connection: Jack 3.5 mm / micro USB\r\n    GPS: Internal GPS antenna + GLONASS\r\n    Sensors: Accelerometer, Proximity sensor, Ambient light sensor, Gyro sensor\r\n    Battery: 2700 mAh (Built-in)\r\n    Weight: 151 g\r\n    Dimensions: 145.4 x 70.2 x 9.99 mm				', 'The smooth design of the HTC Butterfly 2 redefines smartphone elegance. Its stacked internal components allow a clean, curved back with tapered edges for a shape that fits in your hand with natural ease. Its stunning display features new image technology to reduce colour washout and enhance brightness and viewing angles. Every detail has been carefully crafted for a smartphone experience like no other. 				', 439.99, 16, '0000-00-00 00:00:00', NULL, 'htc-butterfly-2.jpg'),
	(22, 1, 7, 'Xperia M2 D2303', '    System: Android 4.3 Jelly Bean\r\n    Processor: 1.2 GHz / Quad Core / Qualcomm® Snapdragon™ 400 MSM8926 / GPU: Adreno 305\r\n    Memory: Internal: 8 GB / RAM: 1 GB / Slot type: microSD / Max. slot capacity: 32 GB\r\n    Display: 4.8&#34; / Resolution: 960 x 540 pixels / 229 ppi\r\n    Camera: 8 Mpixels / Exmor RS / Flash: LED / Video: 1080p full HD / Front: Yes\r\n    Network: 4G: LTE Bands 1/3/5/7/8/20 / 3G: 850/900/2100 MHz / GSM: 850/900/1800/1900 MHz\r\n    SIM card: micro-SIM\r\n    Wireless: Bluetooth: 4.0 / Wi-Fi: IEEE 802.11 a/b/g/n / DLNA, MHL, NFC\r\n    Connection: Jack 3.5 mm / micro USB\r\n    GPS: aGPS\r\n    Sensors: Accelerometer, Digital Compass, Proximity sensor\r\n    Battery: 2300 mAh\r\n    Weight: 148 g\r\n    Dimensions: 139.6 x 71.1 x 8.6 mm\r\n				', 'The Sony Xperia™ M2 D2303 is a 4G LTE smartphone that offers blockbuster entertainment and flagship experiences at a mid-range price point, thanks to a best-in-class processor, Sony&#39;s display expertise, a razor sharp 8MP camera with Exmor RS for mobile and Sony&#39;s music and video entertainment.\r\n\r\nThe stunning Xperia™ M2 8MP camera with Exmor RS for mobile comes armed with Autoscene Recognition and HDR. Using the expertise and technology of Sony&#39;s Cyber-shot cameras, Xperia M2 is perfect for capturing all of your favourite moments in brilliant quality.\r\n\r\nSony&#39;s engineering expertise in display and camera technologies collide to create Xperia M2. The large 4.8&#34; qHD display, carefully crafted with Sony&#39;s display expertise is perfect for enjoying entertainment content on the large qHD display.				', 209.99, 23, '0000-00-00 00:00:00', NULL, 'Sony Xperia M2.jpg'),
	(23, 1, 7, 'Xperia E1 Dual D2105', '    System: Android 4.3 Jelly Bean\r\n    Processor: 1.2 GHz / Dual Core / Qualcomm MSM8210 Snapdragon 200 / GPU: Adreno 200\r\n    Memory: Internal: 4 GB / RAM: 512 MB / Slot type: microSD / Max. slot capacity: 32 GB\r\n    Display: 4.0&#34; / TFT capacitive touchscreen / Resolution: 480 x 800 pixels / 233 ppi\r\n    Camera: 3.15 Mpixels / Video: 480p\r\n    Network: 3G: 900/2100 MHz / GSM: 850/900/1800/1900 MHz\r\n    miniSIM\r\n    Wireless: Bluetooth: 2.1+EDR / Wifi: IEEE 802.11 b/g/n\r\n    Connection: Jack 3.5 mm / microUSB V2.0\r\n    GPS: aGPS\r\n    Sensors: Accelerometer, Proximity sensor\r\n    Dual Sim\r\n    Battery: 1750 mAh\r\n    Weight: 115.7 grams\r\n    Dimensions: 113.5 x 61.8 x 11 mm				', 'Sony Xperia E1 dual smartphone with 4.00-inch 480x800 display powered by 1.2GHz processor alongside 512MB RAM and 3.15-megapixel rear camera. 				', 129.99, 13, '0000-00-00 00:00:00', NULL, 'sony-xperia-e1-dual-d2105.jpg'),
	(24, 1, 7, 'Xperia M Dual C2005', '    System: Android 4.1 Jelly Bean\r\n    Processor: 1 GHz / Dual Core / Qualcomm / GPU: Adreno 305\r\n    Memory: Internal: 4 GB / RAM: 1 GB / Slot type: microSD / Max. slot capacity: 32 GB\r\n    Display: 4.0&#34; / TFT capacitive touchscreen / Resolution: 854 x 480 pixels / 245 ppi\r\n    Camera: 5 Mpixels / Flash: LED / Front: Yes / Video: 720p / 4x digital zoom with auto focus\r\n    Network: 3G: 900/2100 MHz / GSM: 850/900/1800/1900 MHz\r\n    microSIM\r\n    Wireless: Bluetooth: 4.0+A2DP / DLNA, NFC / Wifi: IEEE 802.11 a/b/g/n\r\n    Connection: Jack 3.5 mm / micro USB\r\n    GPS: aGPS\r\n    Sensors: Accelerometer, Digital Compass, Proximity sensor\r\n    Dual Sim\r\n    Battery: 1800 mAh\r\n    Battery life: Standby time: > 552 h / Talk time: > 10 h 18 min\r\n    Weight: 124 grams\r\n    Dimensions: 124 x 62 x 9.3 mm\r\n    In the box: AC Adapter, USB cable, Headset, Quick start guide, Battery				', 'Xperia M is designed to bring NFC connectivity for one-touch functions, stunning design and a range of technologies including: a high quality screen for sharp viewing; smart camera functionality for impressive pictures and videos; Battery STAMINA Mode for outstanding battery life; and Sony&#39;s signature media apps for enjoying photos, music, movies and games on the go, integrating Sony Entertainment Network services directly in the apps.\r\n\r\nThe dual SIM cards are perfect when you want to separate work from play – and handle your calls in a cost-efficient way. You switch between SIM cards anytime with a simple click.\r\n				', 115.99, 19, '0000-00-00 00:00:00', NULL, 'sony-xperia-m-dual-c2005.jpg'),
	(25, 1, 7, 'Xperia E3 LTE', '    System: Android 4.4 KitKat®\r\n    Processor: 1.2 GHz / Quad Core / Qualcomm Snapdragon / GPU: Adreno 305 GPU\r\n    Memory: Internal: 4 GB / RAM: 1 GB / Slot type: microSD / Max. slot capacity: 32 GB\r\n    Display: 4.5&#34; / IPS / Resolution: 854 x 480 pixels / 217 ppi\r\n    Camera: 5 Mpixels / Flash: LED / Front: VGA / Video: 1080p\r\n    Wireless: Bluetooth: 4.0 / Wifi: IEEE 802.11 b/g/n\r\n    Connection: Jack 3.5 mm / micro USB\r\n    GPS: AGPS & GLONASS\r\n    Sensors: Accelerometer, Compass\r\n    Battery: 2330 mAh\r\n    Battery life: Standby time: > 706 / Talk time: > 12h20\r\n    Weight: 143.8 g\r\n    Dimensions: 137.1 x 69.4 x 8.5 mm				', 'Slim, resilient and ready for anything\r\nXperia E3 brings you Sony quality and design in a package made to suit your life. This slim, lightweight 4G smartphone is easy to use with one hand and perfect for life on the go. And with a scratch resistant screen and corners crafted for extra resilience, your phone will stay fresh and action-ready for longer.\r\n\r\nMake your pictures shine\r\nThe easy-to-handle Xperia E3 makes taking photos and videos effortless and fun, even at a moment’s notice. Grab your phone and launch the camera in seconds using shake to start app. Capture that fleeting magic moment with an app like Social live, and share the action from your super-fast 4G smartphone.\r\n\r\nSuper fast, and a battery that lasts up to two days\r\nStay out and about as long as you want with the Xperia E3’s powerful, long-lasting, up-to-two-day battery*. This 4G smartphone also boasts a Quad-core processor, so everything happens at lightning speed and at a price that suits your budget. 				', 224.99, 22, '0000-00-00 00:00:00', NULL, 'sony-xperia-e3-lte-smartphone-d2206.jpg'),
	(26, 1, 7, 'Xperia T2 Ultra Dual D5322', '    System: Android 4.3 Jelly Bean\r\n    Processor: 1.4 GHz / Quad Core / Qualcomm Snapdragon MSM8228 / GPU: Adreno 305\r\n    Memory: Internal: 8 GB / RAM: 1 GB / Slot type: microSD / Max. slot capacity: 32 GB\r\n    Display: 6.0&#34; / HD TRILUMINOS Display for mobile with Mobile BRAVIA Engine 2 for mobile picture engine / Resolution: 1280 x 720 pixels / 216 ppi\r\n    Camera: 13 Mpixels / Sony Exmor RS® for mobile / Flash: LED / Video: 1080p / Front: 1.1 Mpixels\r\n    SIM type: Dual SIM: micro-SIM\r\n    Network: 3G: 850/900/1900/2100 MHz / GSM: 850/900/1800/1900 MHz\r\n    Wireless: Bluetooth: 4.0 / Wi-Fi: 802.11 a/b/g/n / DLNA, MHL, NFC\r\n    Connection: Jack 3.5 mm / micro USB\r\n    GPS: aGPS\r\n    Sensors: Accelerometer, Digital Compass, Gyro sensor, Proximity sensor\r\n    Battery: 3000 mAh (Built-in)\r\n    Weight: 171.8 g\r\n    Dimensions: 165.2 x 83.8 x 7.65 mm\r\n    In the box: Sony Xperia T2 Ultra Dual, Sony Stereo Headset MH410c, Sony Media Cable EC450, Sony Charger EP800, Documentation				', 'Sony Xperia T2 Ultra: the large screen smartphone for entertainment on-the-go!\r\n\r\nThe wide-viewing angle screen of the Xperia T2 Ultra HD mobile is a 6&#34; 720p HD TRILUMINOS™ Display for mobile. Built with the same groundbreaking technology as Sony BRAVIA® TVs, it gives you amazingly vivid colours and razor-sharp images.\r\n\r\nThe 13-megapixel camera is built with the very same components as Sony&#39;s digital cameras, and features an Exmor RS™ for mobile image sensor and HDR for both pictures and videos.\r\n\r\nThe advanced 1.4 GHz Qualcomm® Snapdragon quad-core processor provides maximum performance and speed, and incredible graphics, without draining the battery.				', 259.99, 31, '0000-00-00 00:00:00', NULL, 'sony-xperia-t2-ultra-dual-d5322.jpg'),
	(27, 1, 7, 'Xperia C3 Dual D2502', '    System: Android 4.4 KitKat®\r\n    Processor: 1.2 GHz / Quad Core / Qualcomm Snapdragon MSM8926\r\n    Memory: Internal: 8 GB / RAM: 1 GB / Slot type: microSD / Max. slot capacity: 32 GB\r\n    Display: 5.5&#34; / TRILUMINOS Display for mobile with BRAVIA Engine 2 / Resolution: 1280 x 720 pixels\r\n    Camera: 8 Mpixels / Flash: LED / Video: 1080p full HD / Sony Exmor RS for mobile image sensor / Front: 5 Mpixels\r\n    SIM type: micro-SIM (Dual SIM)\r\n    Network: 3G: 850/900/1900/2100 MHz (SIM 1) / GSM: 850/900/1800/1900 MHz (SIM 1 & 2)\r\n    Wireless: Bluetooth: 4.0 / Wi-Fi: 802.11 b/g/n / DLNA, NFC\r\n    Connection: Jack 3.5 mm / micro USB\r\n    GPS: aGPS, Glonass\r\n    Sensors: Accelerometer, Ambient light sensor, Magnetometer, Proximity sensor\r\n    Battery: 2500 mAh (Built-in)\r\n    Weight: 150 g\r\n    Dimensions: 156 x 78.5 x 7.6 mm				', 'Sony Xperia C3 Dual smartphone with 5.50-inch 720x1280 display powered by 1.2GHz processor alongside 1GB RAM and 8-megapixel rear camera. 				', 229.99, 15, '0000-00-00 00:00:00', NULL, 'sony-xperia-c3-dual-d2502.jpg'),
	(28, 1, 7, 'Xperia Z2 D6503', '    System: Android 4.4 KitKat®\r\n    Processor: 2.3 GHz / Quad Core / Qualcomm® Snapdragon™ 801 MSM8974AB / GPU: Adreno 330\r\n    Memory: Internal: 16 GB / RAM: 3 GB / Slot type: microSD / Max. slot capacity: 64 GB\r\n    Display: 5.2&#34; / TRILUMINOS™ Display with X-Reality / Resolution: 1920 x 1080 pixels / 423 ppi\r\n    Camera: 20.7 Mpixels / Flash: LED / Front: 2.2 Mpixels / Video: 4K / 1/2.3” Exmor RS™, G Lens (27mm wide angle lens with bright F2.0), digital zoom 8X\r\n    Network: 4G: LTE / 3G: 850/900/1900/2100 MHz / GSM: 850/900/1800/1900 MHz\r\n    microSIM\r\n    Wireless: Bluetooth: 4.0 / DLNA, MHL, NFC / Wifi: IEEE 802.11 a/ac/b/g/n\r\n    Connection: Jack 3.5 mm / micro USB\r\n    GPS: GPS/AGPS + GLONASS\r\n    Sensors: Accelerometer, Ambient Light Sensor, Gyroscope, Magnetometer, Proximity sensor\r\n    Dust-proof (IP5X) and water-resistant (IPX5 / IPX8)\r\n    Battery: 3220 mAh\r\n    Weight: 158 grams\r\n    Dimensions: 146.8 x 73.3 x 8.2 mm\r\n    In the box: AC Adapter, USB cable, Headset, Quick start guide				', 'The Xperia Z2 Android smartphone is designed with the user in mind, drawing on Sony&#39;s expertise in premium craftsmanship. Evolving Sony&#39;s stunning OmniBalance design, Xperia Z2 has a slimmer and more comfortable feel by having the glass panels encased in a single, solid aluminium frame with smoother edges. This dust-resistant and waterproof (IP55 & IP58) powerhouse blends beauty with function.\r\n\r\nThe 20.7 megapixel camera is matched with 1/2.3-type Exmor RS for mobile CMOS image sensor, Sony&#39;s award-winning G Lens and intelligent BIONZ™ for mobile image processing engine.\r\nThese features work together to bring you sharp, vivid and beautiful photos and videos no matter what the circumstances. With new enhanced video mode, you can now capture memories in stunning detail in 4K resolution (3840×2160 pixels/30p) at four times the detail of Full HD.				', 389.99, 24, '0000-00-00 00:00:00', NULL, 'sony-xperia-z2-white.jpeg'),
	(29, 1, 7, 'Xperia Z Ultra C6833', '    System: Android 4.4 KitKat®\r\n    Processor: 2.2 GHz / Quad Core / Qualcomm® Snapdragon™ 800 MSM8974\r\n    Memory: Internal: 16 GB / RAM: 2 GB / Slot type: microSD / Max. slot capacity: 64 GB\r\n    Display: 6.4&#34; / TRILUMINOS™ Display with X-Reality / Resolution: 1920 x 1080 pixels / 342 ppi\r\n    Camera: 8 Mpixels / Flash: LED / Front: 2 Mpixels / Video: 1080p full HD / Exmor RS camera, Auto focus, Burst Mode\r\n    Network: 4G: LTE / 3G: 850/900/1900/2100 MHz / GSM: 850/900/1800/1900 MHz\r\n    microSIM\r\n    Wireless: Bluetooth: 4.0 / DLNA, MHL, NFC / Wifi: IEEE 802.11 a/ac/b/g/n\r\n    Connection: Jack 3.5 mm / micro USB\r\n    GPS: aGPS\r\n    Sensors: Accelerometer, Compass, Gyroscope, Proximity sensor\r\n    Dust-proof and water-resistant (IP55 / IP58) Shatter proof sheet on scratch-resistant glass\r\n    Battery: 3140 mAh\r\n    Battery life: Standby time: > 790 h / Talk time: > 14 h\r\n    Weight: 212 grams\r\n    Dimensions: 179 x 92 x 6.5 mm				', 'The new Xperia Z Ultra is waterproof, ultra-slim with a lightweight design so you can enjoy it anytime, anywhere.\r\n\r\nIt&#39;s the first smartphone ever to incorporate a 6.4&#34; Full HD TRILUMINOS™ Display for mobile powered by Sony&#39;s latest X-Reality™ for mobile picture engine to deliver the most immersive viewing experience imaginable.\r\nAdditionally, the Xperia Z Ultra will also feature the fully integrated Qualcomm® Snapdragon™ 800 processor with 2.2 GHz quad-core CPUs, 4G LTE and HD voice to provide a seamless connected entertainment experience, industry-leading battery performance and amazing speed.\r\n				', 289.99, 26, '0000-00-00 00:00:00', NULL, 'sony-xperia-z-ultra-c6833.jpg'),
	(30, 1, 7, 'Xperia Z3 Compact D5803', 'System: Android 4.4 KitKat®\r\nProcessor: 2.5 GHz / Quad Core / Qualcomm Snapdragon 801 / GPU: Adreno 330\r\nMemory: Internal: 16 GB / RAM: 2 GB / Slot type: microSD / Max. slot capacity: 128 GB\r\nDisplay: 4.6&#34; / HD TRILUMINOS with X-Reality for mobile picture engine / Resolution: 1280 x 720 pixels\r\nCamera: 20.7 Mpixels / Flash: LED / Front: 2.2 Mpixels / Video: 1080p\r\nNetwork: LTE 700/800/850/900/1700/1800/1900/2100/2600 / 3G: HSDPA 850/900/1700/1900/2100 / GSM: 850/900/1800/1900 MHz\r\nWireless: Bluetooth: 4.0 / DLNA, NFC / Wifi: 802.11 a/b/g/n/ac\r\nConnection: Jack 3.5 mm / micro USB\r\nGPS: AGPS & GLONASS\r\nSensors: Accelerometer, Gyro sensor, Proximity sensor\r\nWaterproof (IPX5 and IPX8)* / Dust tight (IP6X)\r\nBattery: 2600 mAh\r\nBattery life: Standby time: > 920 / Talk time: > 14\r\nWeight: 129 g\r\nDimensions: 127.3 x 64.9 x 8.64 mm				', 'Waterproof design that lets you do more\r\nXperia Z3 Compact is the smartphone designed to enhance your life. And life isn’t lived inside. With the highest waterproof rating*, Xperia Z3 Compact lets you answer calls in the rain or take pictures in the pool. And it can handle all the drops into the sink in between. Combined with a slim, compact design that’s easy to use with one hand, Xperia Z3 Compact is the Android smartphone that teams durability with beauty.\r\n\r\nOur best camera, for your greatest times\r\nSome of the best times happen in the lowest light. Years of Sony camera expertise have been brought to Xperia Z3 Compact, to deliver unparalleled low-light capability. Thanks to Cyber-shot and Handycam technologies you can record stunning videos on the move and take crisp shots under water. Want to take your shots to the next level? Get creative with our unique camera apps. It’s our best smartphone camera yet – for memories that deserve more than good. 				', 499.99, 27, '0000-00-00 00:00:00', NULL, 'sony-xperia-z3-compact-d5803.jpg'),
	(32, 1, 10, 'Galaxy Mega 2', '    System: Android 4.4 KitKat®\r\n    Processor: 1.5 GHz / Quad Core / Exynos 4415 / GPU: Mali-400\r\n    Memory: Internal: 16 GB / RAM: 1.5 GB / Slot type: microSD / Max. slot capacity: 64 GB\r\n    Display: 6.0&#34; / Capacitive Multitouch / Resolution: 1280 x 720 pixels / 245 ppi\r\n    Camera: 8 Mpixels / Flash: LED / Front: 2.1 Mpixels / Video: 1080p @ 30fps\r\n    Network: 4G: 700/850/900/1800/2100/2600 MHz / 3G: 850/900/1900/2100 MHz / GSM: 850/900/1800/1900 MHz\r\n    microSIM\r\n    Wireless: Bluetooth: 4.0 + A2DP + LE / Wifi: IEEE 802.11 a/b/g/n\r\n    Connection: Jack 3.5 mm / microUSB V2.0\r\n    GPS: AGPS & GLONASS\r\n    Sensors: Accelerometer, Compass, Gyro sensor, Proximity sensor\r\n    Battery: 2800 mAh\r\n    Weight: 194 grams\r\n    Dimensions: 163.6 x 84.9 x 8.6 mm				', 'Inside GALAXY Mega 2 is the powerful Quad Core A9 processor running at 1.5 GHz, which delivers an uninterrupted experience in any media consumption, be it gaming or watching videos. The GALAXY Mega 2 also comes with LTE Category 4 connectivity provides consumers with blazing fast downloads of movies and games on-the-go.\r\n\r\nVideo playback, gaming and web browsing on the GALAXY Mega 2 are remarkably brilliant and vivid from wide viewing angles thanks to its 6.0-inch HD TFT display. The big-screen entertainment device also enhances multitasking capabilities allowing consumers to fully utilise the larger screen through Multi Window. Consumers can open more than one application on the screen and easily share content between applications. 				', 324.99, 13, '0000-00-00 00:00:00', NULL, 'samsung-galaxy-mega-2.jpg'),
	(34, 1, 10, 'Samsung GALAXY S III mini', '    Platform: Android™ 4.1 (Jelly Bean)\r\n    CPU: Dual Core 1GHz\r\n    Memory: Internal phone storage: 8GB / RAM: 1GB / microSD up to 32GB\r\n    Display: 4.0-inch Super AMOLED with WVGA resolution\r\n    Camera: 5 megapixel camera with auto focus, LED flash / F2.0 aperture and 28mm lens / 720p HD video recording / VGA front facing camera\r\n    Connectivity: Bluetooth® 4.0 / Wi-Fi®: IEEE 802.11a/b/g/n / 3.5 mm stereo audio jack / Micro-USB\r\n    GPS: Internal GPS antenna with GLONASS\r\n    Network: HSPA/WCDMA: 900/1900/2100 MHz / Quad-band GSM/GPRS/EDGE: 850/900/1800/1900 MHz / (Band frequency, HSPA availability, and data speed are operator dependent)\r\n    Sensors: Accelerometer, Digital compass, Proximity, Gyro sensor\r\n    Battery: 1500 mAh Li-ion Polymer battery\r\n    Weight: 120 grams\r\n    Dimensions: 121.55 x 63 x 9.85 mm				', 'The GALAXY S III mini brings the high performance, intuitive ease-of-use and nature-inspired design of the GALAXY S III to an elegant, compact smartphone with a 4.0-inch screen. It can be an optimal choice for consumers who are looking for more practical smartphones.\r\n\r\nStylish and compact, the GALAXY S III mini shares the GALAXY S III&#39;s breakthrough design and simple elegance. Its ultra-minimal curved frame delivers a rich natural feel, which is also reflected on its nature-inspired home screen, wallpapers and ringtones.\r\nIts beautiful 4.0-inch Super AMOLED display offers a generous viewing experience that lets you view multimedia and Web content in brilliant color and clarity. Its compact size gives users a comfortable grip and allows a convenient one-hand operation.				', 159.99, 22, '0000-00-00 00:00:00', NULL, 'Samsung-I8190-Galaxy-S-III-mini-896.jpg'),
	(35, 1, 10, 'Galaxy Ace 4 Lite', '    System: Android 4.4.2 KitKat®\r\n    Processor: 1.2 GHz / Dual Core\r\n    Memory: Internal: 4 GB / RAM: 1 GB / Slot type: microSD / Max. slot capacity: 64 GB\r\n    Display: 4.0&#34; / TFT LCD / Resolution: 800 x 480 pixels / 233 ppi\r\n    Camera: 5 Mpixels / Flash: LED / Front: VGA / Video: 720p @ 30fps\r\n    Network: 4G: 800/900/1800/2600 MHz / 3G: 850/900/2100 MHz / GSM: 850/900/1800/1900 MHz\r\n    microSIM\r\n    Wireless: Bluetooth: 4.0+A2DP / Wifi: IEEE 802.11 b/g/n\r\n    Connection: Jack 3.5 mm / micro USB\r\n    GPS: AGPS & GLONASS\r\n    Sensors: Accelerometer\r\n    Battery: 1830 mAh\r\n    Weight: 130.3 grams\r\n    Dimensions: 121.4 x 62.9 x 11 mm\r\n    In the box: AC Adapter, USB cable, Headset, Quick start guide				', 'Simple yet versatile\r\nIf you’re looking for a smartphone that’s simple yet powerful, the Samsung GALAXY Ace 4 LTE is perfect for you. It comes packed with the key features you want in a top-notch smartphone, maximizing your mobile life\r\n\r\nStreamlined experience\r\nFor those who want more speed, the GALAXY Ace 4 LTE features a powerful 1.2 GHz dual-core processor and LTE Cat4, allowing for even smoother video streaming, web surfing and downloading.\r\n\r\nSeamless photo and video capture\r\nGALAXY Ace 4 LTE eliminates the hassle of switching between photo and video modes by offering the camera and video record buttons on the same screen. Never miss capturing a special moment again. 				', 109.99, 0, '0000-00-00 00:00:00', NULL, 'samsung-galaxy-ace-4-lite.jpg'),
	(36, 1, 10, 'GALAXY A5 Dual SIM', '    System: Android 4.4 KitKat®\r\n    Processor: 1.2GHz Octa Core\r\n    Memory: Internal: 16 GB / RAM: 2 GB / Slot type: microSD / Max. slot capacity: 64 GB\r\n    Display: 5&#34; / HD Super AMOLED / Resolution: 1280 x 720 pixels\r\n    Camera: 13 Mpixels / Flash: LED / Front: 5 Mpixels\r\n    Network: SIM 1: LTE TDD - B38(2600)/B39(1900)/B40(2300)/B41(2500), LTE FDD - B1(2100)/B3(1800)/B7(2600), TD-SCDMA - B34(2010)/B39(1880), WCDMA - B1(2100)/B2(1900)/B5(850)/B8(900), GSM - 850/900/1800/1900: SIM 2: GSM - 850/900/1800/1900\r\n    Wireless: Bluetooth: 4.0 / Wifi: WiFi 802.11 a/b/g/n\r\n    Connection: Jack 3.5 mm / micro USB\r\n    GPS: GLONASS\r\n    Sensors: Accelerometer, Proximity, Geo-magnetic, RGB ambient light, Hall sensor\r\n    Battery: 2300 mAh\r\n    Weight: 123 g\r\n    Dimensions: 139.3 x 69.7 x 6.7 mm				', 'The Galaxy A5 is a slim smartphone featuring refined full metal unibody designs (6.7 mm thin).\r\n\r\nThe Galaxy A5 device has an advanced 5MP front-facing camera, meaning capturing that perfect selfie is easier than ever before. Innovative photo-taking features, such as Wide Selfie, Palm Selfie, Animated GIF, Beauty Face Features, and Rear-cam Selfie, let users capture the best selfies possible in high resolution by automatically detecting and focusing on a person’s face. Users are also able to quickly and easily share photos or videos on their favourite social media channels with the device’s fast network speed of LTE Category 4 standard.				', 389.99, 18, '0000-00-00 00:00:00', NULL, 'samsung-galaxy-a5-dual-sim.jpg'),
	(37, 1, 10, 'GALAXY Grand 2 Duos', '    System: Android 4.3 Jelly Bean\r\n    Processor: 1.2 GHz / Quad Core / Qualcomm MSM8226 Snapdragon 400 / GPU: Adreno 305\r\n    Memory: Internal: 8 GB / RAM: 1.5 GB / Slot type: microSD / Max. slot capacity: 64 GB\r\n    Display: 5.2&#34; / TFT / Resolution: 1280 x 720 pixels / 279 ppi\r\n    Camera: 8 Mpixels / Flash: LED / Front: 1.9 Mpixels / Video: 1080p @ 30fps\r\n    Network: 3G: 800/850/900/1700/1900/2100 MHz / GSM: 900/1800/1900 MHz\r\n    microSIM\r\n    Wireless: Bluetooth: 4.0+A2DP / Wifi: IEEE 802.11 a/b/g/n\r\n    Connection: Jack 3.5 mm / microUSB V2.0\r\n    GPS: AGPS & GLONASS\r\n    Sensors: Accelerometer, Digital Compass, Hall sensor, Light Sensor, Proximity sensor\r\n    Dual SIM\r\n    Battery: 2840 mAh\r\n    Weight: 163 grams\r\n    Dimensions: 146.8 x 75.3 x 8.9 mm\r\n    In the box: AC Adapter, USB cable, Headset, Quick start guide, Battery				', 'The Galaxy Grand 2 brings users an incredible smartphone viewing experience with a 5.25&#34; screen with 16:9 HD ratio, perfect for watching movies, playing games and e-reading.\r\n\r\nMulti Window takes multitasking to the next level by maximizing the benefits of the device’s large screen, enabling users to run one application in two windows at the same time.\r\n\r\nGalaxy Grand 2 delivers enhanced performance with a more powerful Quad Core 1.2GHz processor and long-lasting 2,600mAh battery to bring users up to 10 hours of playback and 17 hours of calls. 				', 229.99, 15, '0000-00-00 00:00:00', NULL, 'samsung-galaxy-grand-2-g7102.jpg'),
	(39, 1, 10, 'Galaxy V Dual SIM', '    HSPA+ : HSDPA 21 Mbps HSUPA 5.76 Mbps (900/2100)\r\n    EDGE/GPRS : 850/900/1800/1900\r\n    Screen: 100.8mm (4.0&#34;) WVGA TFT\r\n    CPU: 1.2GHz Single Core\r\n    Camera: 3MP Camera with LED Flash + VGA Front Camera\r\n    SIM: Dual SIM\r\n    GPS: GPS/GLONASS\r\n    Battery: 1500mAh Battery				', 'Simple yet versatile\r\nIf you’re looking for a smartphone that’s simple yet powerful, the Samsung GALAXY V is perfect for you. It comes packed with the key features you want in a top-notch smartphone, maximizing your mobile life\r\n\r\nStreamlined experience\r\nGALAXY V features a 1.2 GHz processor, 4&#34; display, 1,500 mAh battery and the TouchWiz Essence UX user interface, making it even easier to enjoy all your favorite apps and media.\r\n\r\nSeamless photo and video capture\r\nGALAXY V eliminates the hassle of switching between photo and video modes by offering the camera and video record buttons on the same screen. Never miss capturing a special moment again 				', 99.99, 15, '0000-00-00 00:00:00', NULL, 'samsung-galaxy-v-dual-sim-smartphone.jpg'),
	(40, 1, 3, 'ASUS ZenFone 5 Dual SIM', '    System: Android 4.3 (Jelly Bean) or above\r\n    Processor: 1.6 GHz / Multi-Core / Intel® Atom™ Z2560\r\n    Memory: Internal: 8 GB / RAM: 2 GB / Slot type: microSD / Max. slot capacity: 64 GB\r\n    Display: 5&#34; / IPS / Resolution: 1280 x 720 pixels HD\r\n    Camera: 8 Mpixels / Flash: LED / Auto Focus, PixelMaster / Front: 2 Mpixels\r\n    Network: 3G: 850/900/1900/2100 MHz / GSM: 850/900/1800/1900 MHz\r\n    SIM type: micro-SIM (Dual SIM)\r\n    Wireless: Bluetooth: 4.0 / Wi-Fi: 802.11 b/g/n\r\n    Connection: Jack 3.5 mm / micro USB\r\n    GPS: aGPS & GLONASS\r\n    Sensors: G-sensor, Digital Compass, Proximity sensor, Ambient Light Sensor, Hall Sensor\r\n    Battery: 2110 mAh (Built-in)\r\n    Weight: 145 g\r\n    Dimensions: 148.2 x 72.8 x 10.34 mm\r\n    In the box: ASUS ZenFone 5, Stereo Headset, USB Cable, Power Adapter, Documentation				', 'ASUS ZenFone 5&#39;s stunning 5-inch HD IPS+ display provides wider viewing angles. Featuring the damage and scratch resistant Corning® Gorilla® Glass 3 screen with GloveTouch lets you easily use your device while wearing gloves.\r\n\r\nZenFone 5 is equipped with 2x2 Intel Atom multi-core processor powered by Intel Hyper-Threading Technology, you can easily handle multi-tasks and deliver an immersive gaming experience, with a longer battery life.				', 174.99, 14, '0000-00-00 00:00:00', NULL, 'asus-zenfone-5-a501cg-dual-sim.jpg'),
	(41, 1, 3, 'ASUS ZenFone 6 Dual SIM', '    System: Android 4.3 (Jelly Bean)\r\n    Processor: 1.6 GHz / 2x2 / Intel® Atom™ Z2560\r\n    Memory: Internal: 32 GB / RAM: 2 GB / Slot type: microSD / Max. slot capacity: 64 GB\r\n    Display: 6&#34; / IPS / Resolution: 1280 x 720 pixels HD\r\n    Camera: 13 Mpixels / Flash: LED / Auto Focus, PixelMaster / Front: 2 Mpixels\r\n    Network: 3G: 850/900/1900/2100 MHz / GSM: 850/900/1800/1900 MHz\r\n    SIM type: micro-SIM (Dual SIM)\r\n    Wireless: Bluetooth: 4.0 / Wi-Fi: 802.11 b/g/n\r\n    Connection: Jack 3.5 mm / micro USB\r\n    GPS: aGPS\r\n    Sensors: G-sensor, Digital Compass, Gyroscope, Proximity sensor, Ambient Light Sensor, Hall Sensor\r\n    Battery: 3300 mAh (Built-in)\r\n    Weight: 196 g\r\n    Dimensions: 166.9 x 84.3 x 9.9 mm\r\n    In the box: ASUS ZenFone 6, Stereo Headset, USB Cable, Power Adapter, Documentation				', 'ASUS ZenFone 6&#39;s whopping 6-inch HD IPS+ display provides wider viewing angles. Featuring the damage and scratch resistant Corning® Gorilla® Glass 3 screen with GloveTouch lets you easily use your device while wearing gloves.\r\n\r\nZenFone 6 is equipped with 2x2 Intel Atom multi-core processor powered by Intel Hyper-Threading Technology, you can easily handle multi-tasks and deliver an immersive gaming experience, with a longer battery life.\r\n\r\nZenFone 6 also supports Dual SIM that is ideal for travellers, it lets you handle your personal life and work with ease.				', 239.99, 17, '0000-00-00 00:00:00', NULL, 'asus-zenfone-6-a601cg-dual-sim.jpg'),
	(42, 2, 3, 'View Flip Cover for ASUS ZenFone 6', '\r\n    Protects your screen from any scratches, scrapes or dent. The inner cover of microfiber film provides your ZenFone display with a soft layer of protection.\r\n    Simply remove the existing back cover and snap on this replacement with a single click.\r\n    ASUS View Flip Cover provides you all important information while on-the-go, without having to open the case. You can view incoming calls, messages and note the time easily.\r\n    Automatically answer the call through the gap or by opening the case. \r\n				', 'Express your Attitude with colorful mobility\r\n\r\nDeveloped with the Zen philosophy in mind, ZenFone also knows what you need. The ZenFone family comes with a wide range of accessories, designed to protect your phone and improve your experience, perfectly combining style and durability. Tough but very tactile materials let the ZenFone accessories protect and perfectly accompany your device - you just choose your favorite style and color.\r\n\r\nThe View Flip Cover offers numerous improvements to give this accessory incomparable functions for enhanced interaction with your device. Just by closing the case and with a new viewing window, the most important information will always be reachable with a finger. 3 main pages accessible with infinite loop, the viewing window lets you check the time, the weather and more. 				', 28.99, 12, '0000-00-00 00:00:00', NULL, 'asus-view-flip-cover-for-asus-zenfone-6.jpg'),
	(43, 1, 6, 'Lumia 635', '    System: Windows Phone 8.1\r\n    Processor: 1.2 GHz / Quad Core / Qualcomm Snapdragon 400\r\n    Memory: Internal: 8 GB / RAM: 512 MB / Slot type: microSD / Max. slot capacity: 128 GB\r\n    Display: 4.5&#34; / Resolution: 854 x 480 pixels / ClearBlack, IPS LCD / 221 ppi\r\n    Camera: 5 Mpixels / Auto focus / Video: 720p\r\n    SIM type: micro-SIM (Dual SIM)\r\n    Network: 3G: 900/2100 MHz / GSM: 850/900/1800/1900 MHz\r\n    Wireless: Bluetooth: 4.0 / Wi-Fi: IEEE 802.11 b/g/n\r\n    Connection: Jack 3.5 mm / micro USB\r\n    GPS: aGPS, A-GLONASS\r\n    Sensor: Accelerometer\r\n    Battery: 1830 mAh (Removable)\r\n    Battery life: Standby time: 25 days / Talk time (3G): 13.1h\r\n    Weight: 134 g\r\n    Dimensions: 129.5 x 66.7 x 9.2 mm\r\n    In the box: Nokia Lumia 630, Rechargeable battery BL-5H, Charger AC-20X, Quick start guide				', 'New smartphone boasting a beautiful, 4.5&#34; display and built with a quad core processor, the Lumia 630 moves at blazing fast speeds for a superior experience at an affordable price.\r\n\r\nShowcasing all of the newest and best features in Windows Phone, enjoy countless smartphone experiences and real-time syncing, seamlessly across all screens.\r\n\r\nPersonalise your Lumia 630 smartphone and make it colourfully yours. Easily swap shells and choose from a variety of vibrant colours to suit your mood and style.				', 99.99, 31, '0000-00-00 00:00:00', NULL, 'nokia-lumia-635.jpg'),
	(44, 1, 6, 'Lumia 625', '    System: Windows Phone 8\r\n    Processor: 1.2 GHz / Dual Core / Qualcomm Snapdragon™ S4\r\n    Memory: Internal: 8 GB / RAM: 512 MB / Slot type: microSD / Max. slot capacity: 64 GB\r\n    Display: 4.7&#34; / IPS / Resolution: 800 x 480 pixels / 201 ppi\r\n    Camera: 5 Mpixels / Carl Zeiss optics, autofocus / Flash: LED / Video: 1080p full HD / Front: VGA\r\n    Camera features: Nokia Smart Camera, Nokia Cinemagraph\r\n    Network: 4G: LTE 800/1800/2600 MHz / 3G: 850/900/2100 MHz / GSM: 850/900/1800/1900 MHz\r\n    SIM card type: micro-SIM\r\n    Wireless: Bluetooth: 4.0 / Wifi: IEEE 802.11 b/g/n / DLNA\r\n    Connection: Jack 3.5 mm / micro USB\r\n    GPS: aGPS\r\n    Sensors: Accelerometer, Ambient Light Sensor, Proximity sensor\r\n    Battery: 2000 mAh (Built-in)\r\n    Battery life: Standby time: > 276 h / Talk time: > 15.2 h\r\n    Weight: 159 g\r\n    Dimensions: 133.2 x 72.2 x 9.2 mm				', 'The Nokia Lumia 625 delivers high-speed entertainment with a large 4.7-inch super-sensitive LCD screen and 4G Internet access.\r\n\r\nThe Nokia Lumia 625 also provides many innovations, including a range of integrated camera applications like Nokia Smart Camera, offering handy features like removing unwanted objects from pictures, and Nokia Cinemagraph, which turns photos into living memories with added movement.\r\n\r\nPowered by the latest version of Windows Phone 8 and including the Nokia Lumia Amber update, the Nokia Lumia 625 delivers a richer and easier to use smartphone experience at a competitive price. Live Tiles update direct to the home screen, and People Hub makes it easy to stay connected with friends and family. Windows Phone 8 also includes Xbox Live, Microsoft Office, and 7GB of online SkyDrive storage to simply make life easier.				', 199.99, 22, '0000-00-00 00:00:00', NULL, 'nokia-lumia-625-windows-phone-orange.jpg'),
	(45, 1, 1, 'Desire 820', '    System: Android 4.4 KitKat®\r\n    Processor: 1.5 GHz / Octa Core / Qualcomm® Snapdragon™ 615\r\n    Memory: Internal: 16 GB / RAM: 2 GB / Slot type: microSD / Max. slot capacity: 128 GB\r\n    Display: 5.5&#34; / Resolution: 1280 x 720 pixels / 267 ppi\r\n    Camera: 13 Mpixels / Flash: LED / Front: 8 Mpixel / Video: 1080p\r\n    Network: 4G: LTE FDD 2100/1800/2600/1900 / LTE TDD 2600/1900/2300/2500 / 3G: 850/900/1900/2100 MHz / GSM: 850/900/1800/1900 MHz\r\n    nanoSIM\r\n    Wireless: Bluetooth: 4.0 + AptX / DLNA / Wifi: IEEE 802.11 a/b/g/n\r\n    Connection: Jack 3.5 mm / micro USB\r\n    GPS: AGPS & GLONASS\r\n    Sensors: Accelerometer, Digital Compass, Proximity sensor\r\n    Battery: 2600 mAh\r\n    Battery life: Standby time: > 424h / Talk time: > 22.4h\r\n    Weight: 155 g\r\n    Dimensions: 157.7 x 78.74 x 7.74 mm				', 'Powered by the Qualcomm Snapdragon 615 processor, with integrated 4G LTE Cat 4 connectivity and 64-bit, multi-core CPU, this new addition to the HTC Desire family delivers content on-the-go at exceptional speeds and with stunning clarity on its 5.5&#34; HD screen. Sporting a premium imaging experience and powerful HTC BoomSound, the colourful, stylish HTC Desire 820 sets a new benchmark for mid-range smartphones.\r\n\r\nFor high quality selfies, the HTC Desire 820 features an 8MP front-facing camera, delivering impressive solo poses and effortless group shots. 				', 319.99, 15, '0000-00-00 00:00:00', NULL, 'htc-desire-820.jpg'),
	(46, 1, 1, 'HTC One (M8)', '    System: Android KitKat® with HTC Sense™ HTC BlinkFeed™\r\n    Processor: 2.3 GHz / Quad Core / Qualcomm® Snapdragon™ 801 / GPU: Adreno 330 578MHz\r\n    Memory: Internal: 16 GB / RAM: 2 GB / Slot type: microSD / Max. slot capacity: 128 GB\r\n    Display: 5.0&#34; / Super LCD 3 / Resolution: 1920 x 1080 pixels / 441 ppi\r\n    Camera: Flash: Dual LED / Front: 5 Mpixels / Video: 1080p @ 30fps / HTC UltraPixel Camera, BSI sensor, Pixel size 2.0 µm, Sensor size 1/3&#39;, F2.0 aperture and 28 mm lens\r\n    Network: 4G: LTE / 3G: 850/900/1900/2100 MHz / GSM: 850/900/1800/1900 MHz\r\n    nanoSIM\r\n    Wireless: Bluetooth: 4.0 + AptX / DLNA, IrDA, MHL, NFC / Wifi: IEEE 802.11 a/ac/b/g/n\r\n    Connection: Jack 3.5 mm / micro USB\r\n    GPS: AGPS & GLONASS\r\n    Sensors: Accelerometer, Ambient Light Sensor, Gyro sensor, Proximity sensor\r\n    Duo Camera, Studio-quality sound with HTC BoomSound™\r\n    Battery: 2630 mAh\r\n    Weight: 160 grams\r\n    Dimensions: 146.36 x 70.6 x 9.35 mm\r\n    In the box: AC Adapter, USB cable, Headset, Quick start guide				', 'The HTC One M8 smartphone is stylish and cool, the main body is crafted out of a smooth aluminium that holds the 5&#34; Full HD 1920 x 1080 screen snugly to the edge of the phone. Supported by the Qualcomm Snapdragon 801 processor with 2.5 GHz quad-core Krait CPUs, the M8 is one of the fastest and smartest smartphones on the market.\r\n\r\n\r\nA leap forward in smartphone imaging\r\nThe new HTC One M8 brings a totally different dimension to mobile imaging by providing a Duo Camera that features the innovative HTC UltraPixel module, allowing you to produce incredible images in all lighting conditions as well as rich, HD video. The Duo Camera boasts a depth sensor in addition to the main HTC UltraPixel module, capturing detailed depth of field info from a scene and enabling a range of beautiful and creative effects that allow you to do more with your images after you have taken them.				', 489.99, 27, '0000-00-00 00:00:00', NULL, 'htc-one-m8-amber-gold-unlocked-32gb.jpg'),
	(47, 1, 10, 'GALAXY Note 4', '    System: Android 4.4 KitKat®\r\n    Processor: 1.9GHz Octa Core (1.9GHz Quad + 1.3GHz Quad Core)\r\n    Memory: Internal: 32 GB / RAM: 3 GB / Slot type: microSD / Max. slot capacity: 64 GB\r\n    Display: 5.7&#34; / Quad HD Super AMOLED / Resolution: 2560 x 1440 pixels / 515 ppi\r\n    Camera: 16 Mpixels / Flash: LED / Front: 3.7 Mpixels\r\n    Network: 4G: LTE 700/850/900/1800/1700/1900/2100/2600 MHz / 3G: 850/900/1900/2100 MHz / GSM: 850/900/1800/1900 MHz\r\n    Wireless: Bluetooth: 4.1 / IrDA, NFC / Wifi: WiFi 802.11 a/b/g/n/ac MIMO PCIe\r\n    Connection: Jack 3.5 mm / micro USB\r\n    GPS: AGPS & GLONASS\r\n    Sensors: Accelerometer, Barometer, Fingerprint sensor, Hall sensor, Proximity sensor\r\n    S Pen\r\n    Battery: 3220 mAh\r\n    Weight: 176 g\r\n    Dimensions: 153 x 78 x 8.5 mm				', 'The Samsung Galaxy Note 4 is the next generation of Notes delivering a slightly bigger version of the popular note taking phablet, with a much bigger performance. With innovative S Pen technology and a huge 5.7-inch Corning Gorilla Glass 3 Super AMOLED screen, donning an incredibly impressive 515ppi, the Note 4 offers the best possible viewing experience and the most powerful multitasking tools that make everyday life easier and faster.\r\n\r\nThe Galaxy Note 4 boasts a powerful processor and 3GB of RAM. This ensures that the Note 4 delivers a device performance unmatched by the rest of the market.				', 649.99, 28, '0000-00-00 00:00:00', NULL, 'samsung-galaxy-note4-n910h.jpg'),
	(48, 1, 10, 'GALAXY S5 SM', '    System: Android 4.4 KitKat®\r\n    Processor: 2.5 GHz / Quad Core / Qualcomm MSM8974AC Snapdragon 801 / GPU: Adreno 330\r\n    Memory: Internal: 16 GB / RAM: 2 GB / Slot type: microSD / Max. slot capacity: 128 GB\r\n    Display: 5.1&#34; / Super AMOLED / Resolution: 1920 x 1080 pixels / 432 ppi\r\n    Camera: 16 Mpixels / Flash: LED / Front: 2 Mpixels / Video: 4K / HDR , Selective Focus\r\n    Network: 4G: 800/850/900/1800/1900/2100/2600 MHz / 3G: 850/900/1900/2100 MHz / GSM: 850/900/1800/1900 MHz\r\n    microSIM\r\n    Wireless: Bluetooth: 4.0 / IrDA, NFC / Wifi: 802.11 a/b/g/n/ac\r\n    Connection: Jack 3.5 mm / microUSB v3.0\r\n    GPS: AGPS & GLONASS\r\n    Sensors: Accelerometer, Ambient Light Sensor, Barometer, Digital Compass, Gesture, Gyroscope, Hall sensor, Proximity sensor\r\n    Finger Scanner, Heart rate sensor\r\n    Battery: 2800 mAh\r\n    Weight: 145 grams\r\n    Dimensions: 142 x 72.5 x 8.1 mm\r\n    In the box: USB cable, Headset, Battery				', 'Samsung proves it&#39;s mastery at creating high end smartphones once again, with the launch of its latest device.\r\n\r\nBeneath its Full HD AMOLED screen (measuring 5.1 inches), the new Galaxy S5 houses a speedy Qualcomm Snapdragon 800 processor, clocked at 2.5 GHz, making short work of onerous and otherwise slow tasks, applications and 3D games.\r\n\r\nIn terms of speed, data transfer rates are also blazing fast, with the introduction of Wi-Fi MIMO (Multiple-Input Multiple-Output) 2x2, the 5th generation Wi-Fi standard; 802.11ac and not to forget LTE category 4 frequency support. In parallel, the Galaxy S5 allows simultaneous downloads on 4G Data and Wi-Fi connections, giving you the fastest download speeds wherever you are. 				', 499.99, 19, '0000-00-00 00:00:00', NULL, 'samsung-galaxy-s5.jpg'),
	(49, 1, 10, 'Galaxy S5 Mini', '    Multi-SIM: Single-SIM\r\n    SIM size: Micro-SIM (3FF)\r\n    Infra: 2G GSM, 3G WCDMA, 4G LTE FDD\r\n    2G GSM: DCS1800, PCS1900, GSM850, GSM900\r\n    3G UMTS: B5(850), B2(1900), B8(900), B1(2100)\r\n    4G FDD LTE: B5(850), B7(2600), B8(900), B20(800), B3(1800), B1(2100)\r\n    ANT+: No\r\n    USB Version: USB 2.0\r\n    Location Technology: Glonass, GPS\r\n    Earjack: 3.5mm Stereo\r\n    MHL: No\r\n    Wi-Fi: 802.11 a/b/g/n 2.4+5GHz, HT40\r\n    Wi-Fi Direct: Yes\r\n    DLNA Support: No\r\n    Bluetooth Version: Bluetooth v4.0\r\n    NFC: Yes\r\n    Bluetooth Profiles: HSP, OPP, SAP, A2DP, PBAP, HFP, AVRCP, DI, HID, HOGP, PAN, MAP\r\n    PC Sync.: KIES\r\n    CPU Speed: 1.4GHz\r\n    CPU Type: Quad-Core\r\n    RAM Size (GB): 1.5GB\r\n    External Memory Support: MicroSD (Up to 64GB)				', 'Compact design\r\nSuper slim at 9.1 mm, the GALAXY S5 mini offers much of the technology of the GALAXY S5 in a conveniently compact design. Enjoy unsurpassed performance with its compact size that makes one-handed use comfortable.\r\n\r\nDust and Water resistant\r\nWith an IP67 certification, the GALAXY S5 mini is resistant to sweat, rain, liquids, sand and dust. So feel free to use your phone in practically any situation.\r\n\r\nUltra Power Saving\r\nDon’t worry about missing important calls any more when your battery is low! Ultra Power Saving Mode changes your screen to black and white and shuts down unnecessary features to dramatically minimise battery use. 				', 339.99, 23, '0000-00-00 00:00:00', NULL, 'samsung_galaxy_s5_mini_hashslush0.jpg'),
	(50, 1, 2, 'S660', 'Brand	Lenovo\r\nModel	S660\r\nModel Name	S660\r\nItem Weight	150 g\r\nProduct Dimensions	13.7 x 1 x 6.9 cm\r\nItem model number	S660\r\nMemory Storage Capacity	8 GB\r\nOperating System	Android\r\nAdditional Features	Music Player, Video Player, Dual SIM, E-mail\r\nIncluded Components	Handset, Battery, Charger, Data Cable and User Guide\r\nScreen Size	11.93 Centimeters\r\nMax Resolution	8 Megapixels\r\nBatteries Included	Yes\r\nBatteries Required	Yes\r\nBattery Cell Composition	Lithium Ion\r\nConnector Type	GSM, (850/900/1800/1900 MHz), UMTS, 3G, (2100 MHz), GPRS, EDGE, WiFi\r\nDevice interface - primary	Touch Screen\r\nForm Factor	Touchscreen Phone\r\nIncludes AC Adapter	Yes				', 'Powerful Processor and Long Battery Life\r\n\r\nFeaturing a powerful 1.3GHz Quad Core processor that is backed by high-speed 1GB RAM, the Lenovo S660 Titanium smartphone will impress you with its performance. It runs on Android 4.2 Jelly Bean operating system that brings to you a multitude of user-friendly built-in applications. Equipped with a 3000mAh battery, this Lenovo Android phone will keep going for long hours on a just a single charge. It offers talk time of 36 hours on 2G, 20 hours on 3G and a standby time of 35 days.				', 99.99, 21, '0000-00-00 00:00:00', NULL, 'LenovoS660.jpg'),
	(51, 1, 10, 'Galaxy S5 Min', '    Multi-SIM: Single-SIM\r\n    SIM size: Micro-SIM (3FF)\r\n    Infra: 2G GSM, 3G WCDMA, 4G LTE FDD\r\n    2G GSM: DCS1800, PCS1900, GSM850, GSM900\r\n    3G UMTS: B5(850), B2(1900), B8(900), B1(2100)\r\n    4G FDD LTE: B5(850), B7(2600), B8(900), B20(800), B3(1800), B1(2100)\r\n    ANT+: No\r\n    USB Version: USB 2.0\r\n    Location Technology: Glonass, GPS\r\n    Earjack: 3.5mm Stereo\r\n    MHL: No\r\n    Wi-Fi: 802.11 a/b/g/n 2.4+5GHz, HT40\r\n    Wi-Fi Direct: Yes\r\n    DLNA Support: No\r\n    Bluetooth Version: Bluetooth v4.0\r\n    NFC: Yes\r\n    Bluetooth Profiles: HSP, OPP, SAP, A2DP, PBAP, HFP, AVRCP, DI, HID, HOGP, PAN, MAP\r\n    PC Sync.: KIES\r\n    CPU Speed: 1.4GHz\r\n    CPU Type: Quad-Core\r\n    RAM Size (GB): 1.5GB\r\n    External Memory Support: MicroSD (Up to 64GB)				', 'Compact design\r\nSuper slim at 9.1 mm, the GALAXY S5 mini offers much of the technology of the GALAXY S5 in a conveniently compact design. Enjoy unsurpassed performance with its compact size that makes one-handed use comfortable.\r\n\r\nDust and Water resistant\r\nWith an IP67 certification, the GALAXY S5 mini is resistant to sweat, rain, liquids, sand and dust. So feel free to use your phone in practically any situation.\r\n\r\nUltra Power Saving\r\nDon’t worry about missing important calls any more when your battery is low! Ultra Power Saving Mode changes your screen to black and white and shuts down unnecessary features to dramatically minimise battery use. 				', 339.99, 41, '2016-04-28 17:02:38', '2016-04-28 17:02:38', 'samsung_galaxy_s5_mini_hashslush0.jpg');
/*!40000 ALTER TABLE `items` ENABLE KEYS */;


-- Dumping structure for table laravel5_cart.migrations
CREATE TABLE IF NOT EXISTS `migrations` (
  `migration` varchar(255) COLLATE utf8_unicode_ci NOT NULL,
  `batch` int(11) NOT NULL
) ENGINE=InnoDB DEFAULT CHARSET=utf8 COLLATE=utf8_unicode_ci;

-- Dumping data for table laravel5_cart.migrations: ~4 rows (approximately)
/*!40000 ALTER TABLE `migrations` DISABLE KEYS */;
INSERT INTO `migrations` (`migration`, `batch`) VALUES
	('2014_10_12_000000_create_users_table', 1),
	('2014_10_12_100000_create_password_resets_table', 1),
	('2016_05_08_125710_create_cashier_users_table', 2),
	('2016_05_08_133015_create_products_table', 3);
/*!40000 ALTER TABLE `migrations` ENABLE KEYS */;


-- Dumping structure for table laravel5_cart.ordered_items
CREATE TABLE IF NOT EXISTS `ordered_items` (
  `id` int(11) NOT NULL AUTO_INCREMENT,
  `order_id` varchar(255) COLLATE utf8_unicode_ci NOT NULL,
  `item_id` int(11) NOT NULL,
  `old_price` float NOT NULL,
  `quantity` int(11) NOT NULL,
  PRIMARY KEY (`id`)
) ENGINE=InnoDB AUTO_INCREMENT=178 DEFAULT CHARSET=utf8 COLLATE=utf8_unicode_ci;

-- Dumping data for table laravel5_cart.ordered_items: ~114 rows (approximately)
/*!40000 ALTER TABLE `ordered_items` DISABLE KEYS */;
INSERT INTO `ordered_items` (`id`, `order_id`, `item_id`, `old_price`, `quantity`) VALUES
	(54, '54e648a3385e7', 12, 89.99, 2),
	(55, '54e648a3385e7', 13, 89.99, 1),
	(56, '54e650a9bfeeb', 20, 94.99, 2),
	(57, '54e650a9bfeeb', 24, 115.99, 1),
	(58, '54e651302a9cb', 4, 399.99, 1),
	(59, '54e651302a9cb', 32, 324.99, 1),
	(60, '54e65140798e5', 40, 174.99, 1),
	(61, '54e65140798e5', 13, 89.99, 1),
	(62, '54e65140798e5', 23, 129.99, 1),
	(63, '54e65140798e5', 34, 159.99, 1),
	(64, '54e6515e906eb', 21, 439.99, 1),
	(65, '54e6515e906eb', 45, 319.99, 1),
	(66, '54e6515e906eb', 28, 389.99, 1),
	(67, '54e6515e906eb', 49, 339.99, 1),
	(68, '54e65171857ae', 40, 174.99, 1),
	(69, '54e65171857ae', 12, 89.99, 1),
	(80, '572b2cc1298b9', 24, 115.99, 1),
	(81, '572b746fc2735', 13, 89.99, 1),
	(82, '572b746fc2735', 28, 389.99, 3),
	(83, '572b746fc2735', 12, 89.99, 3),
	(84, '572b77d68b727', 19, 199.99, 4),
	(85, '572b77d68b727', 14, 299.99, 1),
	(86, '572b89e7a5e3d', 42, 28.99, 15),
	(87, '572b8b7de9a6a', 7, 299.99, 1),
	(88, '572b8cb1dde5a', 7, 299.99, 5),
	(89, '572b8cb1dde5a', 7, 299.99, 5),
	(90, '572b8f2f395b1', 35, 109.99, 1),
	(91, '573089f8c888b', 25, 224.99, 2),
	(92, '5731ae9a17ab9', 20, 94.99, 2),
	(93, '5731ae9a17ab9', 20, 94.99, 2),
	(94, '5731ae9a17ab9', 20, 94.99, 2),
	(95, '5731bd0362e13', 22, 209.99, 2),
	(96, '5731bd0362e13', 22, 209.99, 2),
	(97, '5731bd0362e13', 41, 239.99, 1),
	(98, '5731bd0362e13', 22, 209.99, 2),
	(99, '5731bd0362e13', 41, 239.99, 1),
	(100, '5731bd0362e13', 22, 209.99, 2),
	(101, '5731bd0362e13', 41, 239.99, 1),
	(102, '5731bd0362e13', 22, 209.99, 2),
	(103, '5731bd0362e13', 41, 239.99, 1),
	(104, '5731bd0362e13', 22, 209.99, 2),
	(105, '5731bd0362e13', 41, 239.99, 1),
	(106, '5731bd0362e13', 22, 209.99, 2),
	(107, '5731bd0362e13', 41, 239.99, 1),
	(108, '5731bd0362e13', 22, 209.99, 2),
	(109, '5731bd0362e13', 41, 239.99, 1),
	(110, '5731bd0362e13', 22, 209.99, 2),
	(111, '5731bd0362e13', 41, 239.99, 1),
	(112, '5731bd0362e13', 22, 209.99, 2),
	(113, '5731bd0362e13', 41, 239.99, 1),
	(114, '5731bd0362e13', 22, 209.99, 2),
	(115, '5731bd0362e13', 41, 239.99, 1),
	(116, '5731bd0362e13', 22, 209.99, 2),
	(117, '5731bd0362e13', 41, 239.99, 1),
	(118, '5731bd0362e13', 22, 209.99, 2),
	(119, '5731bd0362e13', 41, 239.99, 1),
	(120, '5731bd0362e13', 22, 209.99, 2),
	(121, '5731bd0362e13', 41, 239.99, 1),
	(122, '5731bd0362e13', 22, 209.99, 2),
	(123, '5731bd0362e13', 41, 239.99, 1),
	(124, '5731bd0362e13', 22, 209.99, 2),
	(125, '5731bd0362e13', 41, 239.99, 1),
	(126, '5731bd0362e13', 22, 209.99, 2),
	(127, '5731bd0362e13', 41, 239.99, 1),
	(128, '5731bd0362e13', 22, 209.99, 2),
	(129, '5731bd0362e13', 41, 239.99, 1),
	(130, '5731bd0362e13', 22, 209.99, 2),
	(131, '5731bd0362e13', 41, 239.99, 1),
	(132, '5731bd0362e13', 22, 209.99, 2),
	(133, '5731bd0362e13', 41, 239.99, 1),
	(134, '5731bd0362e13', 22, 209.99, 2),
	(135, '5731bd0362e13', 41, 239.99, 1),
	(136, '5731bd0362e13', 22, 209.99, 2),
	(137, '5731bd0362e13', 41, 239.99, 1),
	(138, '5731bd0362e13', 22, 209.99, 2),
	(139, '5731bd0362e13', 41, 239.99, 1),
	(140, '5731bd0362e13', 22, 209.99, 2),
	(141, '5731bd0362e13', 41, 239.99, 1),
	(142, '5731bd0362e13', 22, 209.99, 2),
	(143, '5731bd0362e13', 41, 239.99, 1),
	(144, '5731bd0362e13', 22, 209.99, 2),
	(145, '5731bd0362e13', 41, 239.99, 1),
	(146, '5731bd0362e13', 22, 209.99, 2),
	(147, '5731bd0362e13', 41, 239.99, 1),
	(148, '5731bd0362e13', 22, 209.99, 2),
	(149, '5731bd0362e13', 41, 239.99, 1),
	(150, '5731bd0362e13', 22, 209.99, 2),
	(151, '5731bd0362e13', 41, 239.99, 1),
	(152, '5731bd0362e13', 22, 209.99, 2),
	(153, '5731bd0362e13', 41, 239.99, 1),
	(154, '5731cc127e8b3', 41, 239.99, 1),
	(155, '5731e8b36b67a', 23, 129.99, 1),
	(156, '5731e93b8a08b', 22, 209.99, 1),
	(157, '5731e99b1984b', 6, 221.99, 10),
	(158, '5731e9e284ed0', 36, 389.99, 1),
	(159, '5731e9e284ed0', 36, 389.99, 1),
	(160, '5731e9e284ed0', 36, 389.99, 1),
	(161, '5731e9e284ed0', 36, 389.99, 1),
	(162, '5731e9e284ed0', 36, 389.99, 1),
	(163, '5731e9e284ed0', 36, 389.99, 1),
	(164, '5731e9e284ed0', 36, 389.99, 1),
	(165, '5731e9e284ed0', 36, 389.99, 1),
	(166, '5731e9e284ed0', 36, 389.99, 1),
	(167, '5731e9e284ed0', 36, 389.99, 1),
	(168, '5731e9e284ed0', 36, 389.99, 1),
	(169, '5731e9e284ed0', 36, 389.99, 1),
	(170, '5731e9e284ed0', 36, 389.99, 1),
	(171, '5731e9e284ed0', 36, 389.99, 1),
	(172, '5731e9e284ed0', 36, 389.99, 1),
	(173, '5731e9e284ed0', 36, 389.99, 1),
	(174, '5731e9e284ed0', 36, 389.99, 1),
	(175, '5731e9e284ed0', 36, 389.99, 1),
	(176, '573200a7ceba7', 27, 229.99, 1),
	(177, '573348e82a2d4', 10, 289.99, 1);
/*!40000 ALTER TABLE `ordered_items` ENABLE KEYS */;


-- Dumping structure for table laravel5_cart.orders
CREATE TABLE IF NOT EXISTS `orders` (
  `id` int(11) NOT NULL AUTO_INCREMENT,
  `confirmed` tinyint(1) NOT NULL DEFAULT '0',
  `order_id` varchar(255) COLLATE utf8_unicode_ci NOT NULL,
  `user_id` int(11) DEFAULT NULL,
  `name` varchar(255) COLLATE utf8_unicode_ci NOT NULL,
  `email` varchar(255) COLLATE utf8_unicode_ci NOT NULL,
  `telephone` varchar(255) COLLATE utf8_unicode_ci NOT NULL,
  `address` text COLLATE utf8_unicode_ci NOT NULL,
  `sum` double NOT NULL,
  `created_at` datetime DEFAULT NULL,
  `updated_at` datetime DEFAULT NULL,
  PRIMARY KEY (`id`)
) ENGINE=InnoDB AUTO_INCREMENT=109 DEFAULT CHARSET=utf8 COLLATE=utf8_unicode_ci;

-- Dumping data for table laravel5_cart.orders: ~71 rows (approximately)
/*!40000 ALTER TABLE `orders` DISABLE KEYS */;
INSERT INTO `orders` (`id`, `confirmed`, `order_id`, `user_id`, `name`, `email`, `telephone`, `address`, `sum`, `created_at`, `updated_at`) VALUES
	(24, 1, '54e650a9bfeeb', 3, 'Mike Kotter', 'mike32@gmail.com', '+4324343', 'Washington Garim place 23     ', 305.97, '2016-04-28 20:15:57', '2016-05-10 15:39:10'),
	(25, 1, '54e651302a9cb', 3, 'Mike Kotter', 'mike32@gmail.com', '+4324343', 'Washington Garim place 23     ', 724.98, '2016-04-28 19:15:59', '2016-04-28 20:16:08'),
	(26, 0, '54e65140798e5', 2, 'Jack Jones', 'jones1234@mail.ru', '4134134', 'NY city Seatles Street 234b', 554.96, '2016-04-28 20:16:00', '2016-05-03 16:46:41'),
	(27, 1, '54e6515e906eb', 2, 'Jack Jones', 'jones1234@mail.ru', '4134134', 'NY city Seatles Street 234b', 1489.96, '2016-04-28 19:16:01', '2016-04-28 20:16:09'),
	(28, 1, '54e65171857ae', 0, 'Koal Kiel', 'Keil@email.com', '+342432433', 'NY city Oukland Street 23d', 264.98, '2016-04-28 20:16:03', '2016-04-28 20:16:04'),
	(43, 0, '572b2cc1298b9', 14, 'Hue', 'hue@gmail.com', '0910219320928', 'st. Sant Luise, 90', 115.99, '2016-05-05 11:22:06', '2016-05-05 11:22:06'),
	(44, 0, '572b746fc2735', 16, 'Yank', 'thatguy@kevinyank.com', '+0921928', 'London, Sq-16', 1529.93, '2016-05-05 17:10:03', '2016-05-05 17:10:03'),
	(45, 1, '572b77d68b727', 14, 'Hue', 'hue@gmail.com', '0910219320928', 'st. Sant Luise, 90', 1099.95, '2016-05-05 17:26:14', '2016-05-05 17:29:41'),
	(46, 0, '572b89e7a5e3d', 0, 'Sergey', 'hue@gmail.com', '3423441', 'st Address', 434.85, '2016-05-05 18:04:10', '2016-05-05 18:04:10'),
	(47, 0, '572b8b7de9a6a', 0, 'Serg', 'serg@gmail.com', '043295803459', 'st Serg street', 299.99, '2016-05-05 18:06:19', '2016-05-05 18:06:19'),
	(48, 0, '572b8cb1dde5a', 0, 'serg', 'serg@gmail.com', '3045803245', 'st Serg street', 1499.95, '2016-05-05 18:11:44', '2016-05-05 18:11:44'),
	(49, 0, '572b8cb1dde5a', 14, 'Hue', 'hue@gmail.com', '0910219320928', 'st. Sant Luise, 90', 1499.95, '2016-05-05 18:13:33', '2016-05-05 18:13:33'),
	(50, 1, '572b8f2f395b1', 16, 'Yank', 'thatguy@kevinyank.com', '+0921928', 'London, Sq-16', 109.99, '2016-05-05 18:41:00', '2016-05-05 18:41:14'),
	(51, 0, '573089f8c888b', 0, 'HUe', 'Hue@hue.com', '123123132', 'hue', 449.98, '2016-05-09 13:01:16', '2016-05-09 13:01:16'),
	(52, 0, '5731ae9a17ab9', 0, 'Hue', 'hue1@gmail.com', '394539908', 'Hue', 189.98, '2016-05-10 10:32:21', '2016-05-10 10:32:21'),
	(53, 0, '5731ae9a17ab9', 0, 'Hue', 'hue1@gmail.com', '394539908', 'Hue', 189.98, '2016-05-10 10:34:55', '2016-05-10 10:34:55'),
	(54, 0, '5731ae9a17ab9', 0, 'Hue', 'hue1@gmail.com', '394539908', 'Hue', 189.98, '2016-05-10 10:35:26', '2016-05-10 10:35:26'),
	(55, 0, '5731bd0362e13', 0, 'Hue', 'hue1@gmail.com', '243234324', 'Hue st.', 419.98, '2016-05-10 10:51:27', '2016-05-10 10:51:27'),
	(56, 0, '5731bd0362e13', 0, 'hue', 'hue1@gmail.com', '193847', 'Hue st.', 659.97, '2016-05-10 10:53:32', '2016-05-10 10:53:32'),
	(57, 0, '5731bd0362e13', 0, 'Hue', 'hue@gmail.com', '390457320', 'Hie street', 659.97, '2016-05-10 11:02:13', '2016-05-10 11:02:13'),
	(58, 0, '5731bd0362e13', 0, 'Hue', 'hue@gmail.com', '390457320', 'Hie street', 659.97, '2016-05-10 11:03:18', '2016-05-10 11:03:18'),
	(59, 0, '5731bd0362e13', 0, 'Hue', 'hue@gmail.com', '390457320', 'Hie street', 659.97, '2016-05-10 11:03:47', '2016-05-10 11:03:47'),
	(60, 0, '5731bd0362e13', 0, 'Hue', 'hue@gmail.com', '390457320', 'Hie street', 659.97, '2016-05-10 11:05:18', '2016-05-10 11:05:18'),
	(61, 0, '5731bd0362e13', 0, 'Hue', 'hue@gmail.com', '390457320', 'Hie street', 659.97, '2016-05-10 11:06:15', '2016-05-10 11:06:15'),
	(62, 0, '5731bd0362e13', 0, 'Hue', 'hue@gmail.com', '390457320', 'Hie street', 659.97, '2016-05-10 11:07:07', '2016-05-10 11:07:07'),
	(63, 0, '5731bd0362e13', 0, 'Hue', 'hue@gmail.com', '390457320', 'Hie street', 659.97, '2016-05-10 11:07:26', '2016-05-10 11:07:26'),
	(64, 0, '5731bd0362e13', 0, 'Hue', 'hue@gmail.com', '390457320', 'Hie street', 659.97, '2016-05-10 11:07:36', '2016-05-10 11:07:36'),
	(65, 0, '5731bd0362e13', 0, 'Hue', 'hue@gmail.com', '390457320', 'Hie street', 659.97, '2016-05-10 11:07:39', '2016-05-10 11:07:39'),
	(66, 0, '5731bd0362e13', 0, 'Hue', 'hue@gmail.com', '390457320', 'Hie street', 659.97, '2016-05-10 11:07:54', '2016-05-10 11:07:54'),
	(67, 0, '5731bd0362e13', 0, 'Hue', 'hue@gmail.com', '390457320', 'Hie street', 659.97, '2016-05-10 11:07:57', '2016-05-10 11:07:57'),
	(68, 0, '5731bd0362e13', 0, 'Hue', 'hue@gmail.com', '390457320', 'Hie street', 659.97, '2016-05-10 11:08:13', '2016-05-10 11:08:13'),
	(69, 0, '5731bd0362e13', 0, 'Hue', 'hue@gmail.com', '2039480', 'Hue st.', 659.97, '2016-05-10 11:08:38', '2016-05-10 11:08:38'),
	(70, 0, '5731bd0362e13', 0, 'Hue', 'hue@gmail.com', '2039480', 'Hue st.', 659.97, '2016-05-10 11:30:29', '2016-05-10 11:30:29'),
	(71, 0, '5731bd0362e13', 0, 'Hue', 'h@h.com', '203948', 'h street', 659.97, '2016-05-10 11:30:53', '2016-05-10 11:30:53'),
	(72, 0, '5731bd0362e13', 0, 'Hue', 'h@gmail.com', '203948', 'H street', 659.97, '2016-05-10 11:38:52', '2016-05-10 11:38:52'),
	(73, 0, '5731bd0362e13', 0, 'Hue', 'h@gmail.com', '203948', 'H street', 659.97, '2016-05-10 11:39:09', '2016-05-10 11:39:09'),
	(74, 0, '5731bd0362e13', 0, 'Hue', 'hue@gmai.com', '324095780', 'Hue Street', 659.97, '2016-05-10 11:39:36', '2016-05-10 11:39:36'),
	(75, 0, '5731bd0362e13', 0, 'Hue', 'hue@gmai.com', '324095780', 'Hue Street', 659.97, '2016-05-10 11:41:29', '2016-05-10 11:41:29'),
	(76, 0, '5731bd0362e13', 0, 'Hue', 'hue@gmai.com', '324095780', 'Hue Street', 659.97, '2016-05-10 11:41:43', '2016-05-10 11:41:43'),
	(77, 0, '5731bd0362e13', 0, 'Hue', 'hue@gmai.com', '324095780', 'Hue Street', 659.97, '2016-05-10 11:42:13', '2016-05-10 11:42:13'),
	(78, 0, '5731bd0362e13', 0, 'Hue', 'hue@gmail.com', '02458903259', 'Hue Street', 659.97, '2016-05-10 11:42:38', '2016-05-10 11:42:38'),
	(79, 0, '5731bd0362e13', 0, 'Hue', 'hue@gmail.com', '203498', 'Hue Street', 659.97, '2016-05-10 11:43:16', '2016-05-10 11:43:16'),
	(80, 0, '5731bd0362e13', 0, 'Hue', 'hue@gmail.com', '203498', 'Hue Street', 659.97, '2016-05-10 11:43:27', '2016-05-10 11:43:27'),
	(81, 0, '5731bd0362e13', 0, 'Hue', 'hue@gmail.com', '20394230948', 'Hue Street', 659.97, '2016-05-10 11:43:44', '2016-05-10 11:43:44'),
	(82, 0, '5731bd0362e13', 0, 'Hue', 'hue@gmail.com', '203948', 'Hue Street', 659.97, '2016-05-10 11:44:26', '2016-05-10 11:44:26'),
	(83, 0, '5731bd0362e13', 0, 'Hue', 'hue@gmail.com', '203948', 'Hue Street', 659.97, '2016-05-10 11:44:27', '2016-05-10 11:44:27'),
	(84, 0, '5731bd0362e13', 0, 'Hue', 'hue@gmail.com', '2039480', 'Hue street', 659.97, '2016-05-10 11:49:22', '2016-05-10 11:49:22'),
	(85, 0, '5731cc127e8b3', 0, 'Hue', 'hue@gmail.com', '02942498', 'Hue street', 239.99, '2016-05-10 11:55:29', '2016-05-10 11:55:29'),
	(86, 0, '5731e8b36b67a', 0, 'joe', 'jo@joe.com', '203489', 'Joe St.', 129.99, '2016-05-10 13:58:05', '2016-05-10 13:58:05'),
	(87, 0, '5731e93b8a08b', 0, 'hue', 'hue@gmail.com', '921938023', 'Hue Street', 209.99, '2016-05-10 13:59:57', '2016-05-10 13:59:57'),
	(88, 0, '5731e99b1984b', 0, 'Hue', 'hue@gmail.com', '298092813', 'Hue St', 2219.9, '2016-05-10 14:01:42', '2016-05-10 14:01:42'),
	(89, 0, '5731e9e284ed0', 0, 'Hue', 'hu@gmail.com', '12938209', 'Hu Street', 389.99, '2016-05-10 14:02:44', '2016-05-10 14:02:44'),
	(90, 0, '5731e9e284ed0', 0, 'Hue', 'hu@gmail.com', '12121290129', 'Hu Street', 389.99, '2016-05-10 14:03:59', '2016-05-10 14:03:59'),
	(91, 0, '5731e9e284ed0', 0, 'Hue', 'hu@gmail.com', '1321202932', 'Hue Str', 389.99, '2016-05-10 14:05:00', '2016-05-10 14:05:00'),
	(92, 0, '5731e9e284ed0', 0, 'Hue', 'hu@gmail.com', '1321202932', 'Hue Str', 389.99, '2016-05-10 14:05:45', '2016-05-10 14:05:45'),
	(93, 0, '5731e9e284ed0', 0, 'Hue', 'hu@gmail.com', '23190129832', 'Hu Street', 389.99, '2016-05-10 14:06:08', '2016-05-10 14:06:08'),
	(94, 0, '5731e9e284ed0', 0, 'Hue', 'hu@gmail.com', '23190129832', 'Hu Street', 389.99, '2016-05-10 14:06:14', '2016-05-10 14:06:14'),
	(95, 0, '5731e9e284ed0', 0, 'Hue', 'hu@gmail.com', '23190129832', 'Hu Street', 389.99, '2016-05-10 14:06:36', '2016-05-10 14:06:36'),
	(96, 0, '5731e9e284ed0', 0, 'Hue', 'hu@gmail.com', '23190129832', 'Hu Street', 389.99, '2016-05-10 14:07:47', '2016-05-10 14:07:47'),
	(97, 0, '5731e9e284ed0', 0, 'Hue', 'hu@gmail.com', '23190129832', 'Hu Street', 389.99, '2016-05-10 14:08:10', '2016-05-10 14:08:10'),
	(98, 0, '5731e9e284ed0', 0, 'Hue', 'hue@gmail.com', '9109209183', 'Hue Street', 389.99, '2016-05-10 14:09:30', '2016-05-10 14:09:30'),
	(99, 0, '5731e9e284ed0', 0, 'Hue', 'hue@mail.ru', '090132112', 'Hu St', 389.99, '2016-05-10 14:15:39', '2016-05-10 14:15:39'),
	(100, 0, '5731e9e284ed0', 0, 'Hue', 'hue@mail.ru', '090132112', 'Hu St', 389.99, '2016-05-10 14:15:39', '2016-05-10 14:15:39'),
	(101, 0, '5731e9e284ed0', 0, 'Hue', 'hue@gmail.com', '89812398192', 'Hue St', 389.99, '2016-05-10 14:19:49', '2016-05-10 14:19:49'),
	(102, 0, '5731e9e284ed0', 0, 'Hue', 'hu@gmail.com', '92901920192', 'Hue St.', 389.99, '2016-05-10 14:20:10', '2016-05-10 14:20:10'),
	(103, 0, '5731e9e284ed0', 0, 'Hue', 'hue@gmail.com', '90192109', 'Hue st.', 389.99, '2016-05-10 14:25:10', '2016-05-10 14:25:10'),
	(104, 0, '5731e9e284ed0', 0, 'Hue', 'hu@gmail.com', '10910902912', 'Hu st.', 389.99, '2016-05-10 14:28:49', '2016-05-10 14:28:49'),
	(105, 0, '5731e9e284ed0', 0, 'Hue', 'hu@gmail.com', '10910902912', 'Hu st.', 389.99, '2016-05-10 14:29:03', '2016-05-10 14:29:03'),
	(106, 0, '5731e9e284ed0', 0, 'Hue ', 'hu@gmail.com', '93813212323', 'Hu St.', 389.99, '2016-05-10 14:29:28', '2016-05-10 14:29:28'),
	(107, 0, '573200a7ceba7', 0, 'hue', 'hue@gmail.com', '7219801923', 'Hue Street', 229.99, '2016-05-10 15:40:50', '2016-05-10 15:40:50'),
	(108, 0, '573348e82a2d4', 0, 'Hi', 'hi@gmai.com', '98212212', 'Hie st.', 289.99, '2016-05-11 15:00:20', '2016-05-11 15:00:20');
/*!40000 ALTER TABLE `orders` ENABLE KEYS */;


-- Dumping structure for table laravel5_cart.password_resets
CREATE TABLE IF NOT EXISTS `password_resets` (
  `email` varchar(255) COLLATE utf8_unicode_ci NOT NULL,
  `token` varchar(255) COLLATE utf8_unicode_ci NOT NULL,
  `created_at` timestamp NOT NULL DEFAULT CURRENT_TIMESTAMP ON UPDATE CURRENT_TIMESTAMP,
  KEY `password_resets_email_index` (`email`),
  KEY `password_resets_token_index` (`token`)
) ENGINE=InnoDB DEFAULT CHARSET=utf8 COLLATE=utf8_unicode_ci;

-- Dumping data for table laravel5_cart.password_resets: ~0 rows (approximately)
/*!40000 ALTER TABLE `password_resets` DISABLE KEYS */;
/*!40000 ALTER TABLE `password_resets` ENABLE KEYS */;


-- Dumping structure for table laravel5_cart.phinxlog
CREATE TABLE IF NOT EXISTS `phinxlog` (
  `version` bigint(20) NOT NULL,
  `start_time` timestamp NOT NULL DEFAULT CURRENT_TIMESTAMP ON UPDATE CURRENT_TIMESTAMP,
  `end_time` timestamp NOT NULL DEFAULT '0000-00-00 00:00:00',
  PRIMARY KEY (`version`)
) ENGINE=InnoDB DEFAULT CHARSET=utf8;

-- Dumping data for table laravel5_cart.phinxlog: ~5 rows (approximately)
/*!40000 ALTER TABLE `phinxlog` DISABLE KEYS */;
INSERT INTO `phinxlog` (`version`, `start_time`, `end_time`) VALUES
	(20150528164033, '2016-04-18 13:03:06', '2016-04-18 13:03:06'),
	(20150605172554, '2016-04-18 13:03:06', '2016-04-18 13:03:06'),
	(20150605193153, '2016-04-18 13:03:06', '2016-04-18 13:03:06'),
	(20150608092030, '2016-04-18 13:03:06', '2016-04-18 13:03:06'),
	(20150608092037, '2016-04-18 13:03:06', '2016-04-18 13:03:07');
/*!40000 ALTER TABLE `phinxlog` ENABLE KEYS */;


-- Dumping structure for table laravel5_cart.photos
CREATE TABLE IF NOT EXISTS `photos` (
  `id` int(11) NOT NULL AUTO_INCREMENT,
  `item_id` int(11) NOT NULL,
  `photo` text NOT NULL,
  `created_at` datetime NOT NULL,
  `updated_at` datetime DEFAULT NULL,
  PRIMARY KEY (`id`)
) ENGINE=InnoDB DEFAULT CHARSET=utf8;

-- Dumping data for table laravel5_cart.photos: ~0 rows (approximately)
/*!40000 ALTER TABLE `photos` DISABLE KEYS */;
/*!40000 ALTER TABLE `photos` ENABLE KEYS */;


-- Dumping structure for table laravel5_cart.products
CREATE TABLE IF NOT EXISTS `products` (
  `id` int(10) unsigned NOT NULL AUTO_INCREMENT,
  `sku` varchar(255) COLLATE utf8_unicode_ci NOT NULL,
  `name` varchar(255) COLLATE utf8_unicode_ci NOT NULL,
  `description` text COLLATE utf8_unicode_ci NOT NULL,
  `price` decimal(6,2) NOT NULL,
  `is_downloadable` tinyint(1) NOT NULL DEFAULT '0',
  `created_at` timestamp NULL DEFAULT NULL,
  `updated_at` timestamp NULL DEFAULT NULL,
  PRIMARY KEY (`id`),
  UNIQUE KEY `products_sku_unique` (`sku`)
) ENGINE=InnoDB DEFAULT CHARSET=utf8 COLLATE=utf8_unicode_ci;

-- Dumping data for table laravel5_cart.products: ~0 rows (approximately)
/*!40000 ALTER TABLE `products` DISABLE KEYS */;
/*!40000 ALTER TABLE `products` ENABLE KEYS */;


-- Dumping structure for table laravel5_cart.reviews
CREATE TABLE IF NOT EXISTS `reviews` (
  `id` int(11) NOT NULL AUTO_INCREMENT,
  `name` varchar(255) COLLATE utf8_unicode_ci NOT NULL,
  `email` varchar(255) COLLATE utf8_unicode_ci NOT NULL,
  `review` text COLLATE utf8_unicode_ci NOT NULL,
  `rating` int(1) NOT NULL,
  `created_at` timestamp NULL DEFAULT NULL,
  `updated_at` timestamp NULL DEFAULT NULL,
  PRIMARY KEY (`id`)
) ENGINE=InnoDB AUTO_INCREMENT=16 DEFAULT CHARSET=utf8 COLLATE=utf8_unicode_ci;

-- Dumping data for table laravel5_cart.reviews: ~10 rows (approximately)
/*!40000 ALTER TABLE `reviews` DISABLE KEYS */;
INSERT INTO `reviews` (`id`, `name`, `email`, `review`, `rating`, `created_at`, `updated_at`) VALUES
	(6, 'Mike Kotter', 'mike32@gmail.com', 'pshe, more phones!', 3, '2016-04-28 11:02:29', '2016-04-28 19:10:37'),
	(7, 'Alis Cooper', 'aliscooper@gmail.com', 'Too cheap!', 2, '2016-04-28 19:10:25', '2016-04-28 19:10:38'),
	(8, 'Gordon Freeman', 'gordon1830@mail.ru', 'No phone with my name!', 3, '2016-04-28 19:10:29', '2016-04-28 19:10:39'),
	(9, 'Banana King', 'banaking@gmail.com', 'I am banana king!\nput a banana into your favorite ear!', 5, '2016-04-28 19:10:30', '2016-04-28 19:10:40'),
	(10, 'Commander Shepard', 'gotohell@space.net', 'Cause no matter what scars you bear\r\nWhatever uniform you wear\r\nYou can fight like a Krogan, run like a leopard\r\nBut you&#39;ll never be better than Commander Shepard', 4, '2016-04-28 19:10:31', '2016-04-28 19:10:40'),
	(11, 'Tom Hanks', 'wilsongoback@crycry.com', 'I still miss Wilson ', 5, '2016-04-28 19:10:32', '2016-04-28 19:10:41'),
	(12, 'Neil Patrick', 'bro@bromail.com', 'Do you even bro mahn', 3, '2016-04-28 19:10:33', '2016-04-28 19:10:42'),
	(13, 'Mr Pickles', 'murder@mail.com', 'Good boys buys here. ', 5, '2016-04-28 19:10:33', '2016-04-28 19:11:36'),
	(14, 'Joe Doe', 'joe@gmail.com', 'Joe Great Work!', 5, '2016-04-28 11:02:29', '2016-04-28 11:02:29'),
	(15, 'Hue Huegens', 'hue@gmail.com', 'Hue in works!', 4, '2016-04-28 11:04:09', '2016-04-28 11:04:09');
/*!40000 ALTER TABLE `reviews` ENABLE KEYS */;


-- Dumping structure for table laravel5_cart.roles
CREATE TABLE IF NOT EXISTS `roles` (
  `id` int(10) unsigned NOT NULL AUTO_INCREMENT,
  `name` varchar(255) NOT NULL DEFAULT '0',
  PRIMARY KEY (`id`)
) ENGINE=InnoDB AUTO_INCREMENT=3 DEFAULT CHARSET=utf8;

-- Dumping data for table laravel5_cart.roles: ~2 rows (approximately)
/*!40000 ALTER TABLE `roles` DISABLE KEYS */;
INSERT INTO `roles` (`id`, `name`) VALUES
	(1, 'admin'),
	(2, 'user');
/*!40000 ALTER TABLE `roles` ENABLE KEYS */;


-- Dumping structure for table laravel5_cart.subscriptions
CREATE TABLE IF NOT EXISTS `subscriptions` (
  `id` int(10) unsigned NOT NULL AUTO_INCREMENT,
  `user_id` int(11) NOT NULL,
  `name` varchar(255) COLLATE utf8_unicode_ci NOT NULL,
  `stripe_id` varchar(255) COLLATE utf8_unicode_ci NOT NULL,
  `stripe_plan` varchar(255) COLLATE utf8_unicode_ci NOT NULL,
  `quantity` int(11) NOT NULL,
  `trial_ends_at` timestamp NULL DEFAULT NULL,
  `ends_at` timestamp NULL DEFAULT NULL,
  `created_at` timestamp NULL DEFAULT NULL,
  `updated_at` timestamp NULL DEFAULT NULL,
  PRIMARY KEY (`id`)
) ENGINE=InnoDB DEFAULT CHARSET=utf8 COLLATE=utf8_unicode_ci;

-- Dumping data for table laravel5_cart.subscriptions: ~0 rows (approximately)
/*!40000 ALTER TABLE `subscriptions` DISABLE KEYS */;
/*!40000 ALTER TABLE `subscriptions` ENABLE KEYS */;


-- Dumping structure for table laravel5_cart.users
CREATE TABLE IF NOT EXISTS `users` (
  `id` int(10) unsigned NOT NULL AUTO_INCREMENT,
  `name` varchar(255) COLLATE utf8_unicode_ci NOT NULL,
  `role_id` int(10) NOT NULL,
  `email` varchar(255) COLLATE utf8_unicode_ci NOT NULL,
  `password` varchar(255) COLLATE utf8_unicode_ci NOT NULL,
  `telephone` varchar(255) COLLATE utf8_unicode_ci NOT NULL,
  `address` varchar(255) COLLATE utf8_unicode_ci NOT NULL,
  `remember_token` varchar(100) COLLATE utf8_unicode_ci DEFAULT NULL,
  `created_at` timestamp NULL DEFAULT NULL,
  `updated_at` timestamp NULL DEFAULT NULL,
  `stripe_id` varchar(255) COLLATE utf8_unicode_ci DEFAULT NULL,
  `card_brand` varchar(255) COLLATE utf8_unicode_ci DEFAULT NULL,
  `card_last_four` varchar(255) COLLATE utf8_unicode_ci DEFAULT NULL,
  `trial_ends_at` timestamp NULL DEFAULT NULL,
  PRIMARY KEY (`id`),
  UNIQUE KEY `users_email_unique` (`email`)
) ENGINE=InnoDB AUTO_INCREMENT=18 DEFAULT CHARSET=utf8 COLLATE=utf8_unicode_ci;

-- Dumping data for table laravel5_cart.users: ~5 rows (approximately)
/*!40000 ALTER TABLE `users` DISABLE KEYS */;
INSERT INTO `users` (`id`, `name`, `role_id`, `email`, `password`, `telephone`, `address`, `remember_token`, `created_at`, `updated_at`, `stripe_id`, `card_brand`, `card_last_four`, `trial_ends_at`) VALUES
	(1, 'Segey', 2, 'sergey@mail.ru', '$2y$10$E4M3ocHGMAaBoZ9952HUdOntk4zssqSNUK79RZlSit15PWW1Dqjqi', '+4 324343', 'Washington Garim place 23  ', 'DY6JUSn7Mplvz0VhdsnGPwB87IG3fpWWNKU0Jnk6ft7cSsQ3NIcMIatm331H', '2016-04-26 07:05:44', '2016-04-26 10:48:24', NULL, NULL, NULL, NULL),
	(9, 'Foo', 2, 'foo@gmail.com', '$2y$10$Klp1yI8rEpZ8j0NgYD7yJ.jTFQuhmLI.6YjjTf3vnbNdnFKLTDxJy', '+0 192310', 'Gramshire 21', 'Qj0M5rPGnIuBcmKHL3c9oSiY50jp5pcUdVy1F4IlMUftIctcRtFxojhMq8uE', '2016-04-26 12:16:18', '2016-04-26 12:18:54', NULL, NULL, NULL, NULL),
	(14, 'Hue', 2, 'hue@gmail.com', '$2y$10$5uDPJqosn73Ngj/M48SGpuaDtpaZBUfw6ljkAqf8/1rB6hy6tkS2q', '0910219320928', 'st. Sant Luise, 90', 'vyOqzdOvOi4o3brbtgzHLY2g25uyMCDx0v3dSuX9tXCqR9BDNXLciH8F3BOr', '2016-04-26 14:36:28', '2016-05-10 11:43:46', 'cus_8QQ7014OEsjAKH', NULL, NULL, NULL),
	(17, 'Joe', 1, 'joe@gmail.com', '$2y$10$Klp1yI8rEpZ8j0NgYD7yJ.jTFQuhmLI.6YjjTf3vnbNdnFKLTDxJy', '+0909287', 'st. New York Street, 91', '0FlrBcHXA6wWGkooLRUQPt04cDnKlQNj3mZRwE77UEkeZqX0YxmQa1TOZYlR', '2016-04-28 16:12:46', '2016-05-11 15:05:36', NULL, NULL, NULL, NULL);
/*!40000 ALTER TABLE `users` ENABLE KEYS */;
/*!40101 SET SQL_MODE=IFNULL(@OLD_SQL_MODE, '') */;
/*!40014 SET FOREIGN_KEY_CHECKS=IF(@OLD_FOREIGN_KEY_CHECKS IS NULL, 1, @OLD_FOREIGN_KEY_CHECKS) */;
/*!40101 SET CHARACTER_SET_CLIENT=@OLD_CHARACTER_SET_CLIENT */;
